BatchId,Date,Region,Channel,Product,Revenue,Orders,Returns
BATCH-000658,2025-01-01,North,Web,Home,10178,124,3
BATCH-000716,2025-01-01,East,Partner,Grocery,7064,192,9
BATCH-000978,2025-01-01,North,Web,Personal Care,4014,77,5
BATCH-001428,2025-01-01,West,Partner,Home,6234,80,4
BATCH-001567,2025-01-01,West,Mobile,Pet Care,11736,188,7
BATCH-002624,2025-01-01,East,Web,Pet Care,3918,55,1
BATCH-002628,2025-01-01,West,Partner,Grocery,9601,194,11
BATCH-002748,2025-01-01,South,Web,Pet Care,13285,196,5
BATCH-003258,2025-01-01,West,Mobile,Beverages,4052,151,9
BATCH-003392,2025-01-01,West,Mobile,Beverages,975,35,1
BATCH-003765,2025-01-01,East,Partner,Grocery,4366,115,3
BATCH-000532,2025-01-02,North,Retail,Beverages,3438,123,6
BATCH-000675,2025-01-02,South,Mobile,Personal Care,2707,50,2
BATCH-000837,2025-01-02,East,Partner,Grocery,1188,31,1
BATCH-000980,2025-01-02,West,Mobile,Grocery,5992,147,4
BATCH-001566,2025-01-02,South,Partner,Home,7271,94,5
BATCH-001799,2025-01-02,East,Web,Beverages,4839,188,5
BATCH-002040,2025-01-02,West,Partner,Personal Care,7302,159,6
BATCH-002853,2025-01-02,South,Mobile,Grocery,6821,167,8
BATCH-003254,2025-01-02,South,Partner,Beverages,1654,53,1
BATCH-003568,2025-01-02,East,Retail,Home,5487,66,3
BATCH-003604,2025-01-02,East,Retail,Personal Care,6915,149,3
BATCH-003973,2025-01-02,West,Web,Beverages,4342,145,3
BATCH-004031,2025-01-02,East,Partner,Beverages,758,29,1
BATCH-004142,2025-01-02,North,Partner,Personal Care,6902,131,6
BATCH-004553,2025-01-02,North,Partner,Home,8991,96,3
BATCH-000220,2025-01-03,South,Partner,Personal Care,2782,65,1
BATCH-000253,2025-01-03,East,Partner,Home,4805,49,1
BATCH-000336,2025-01-03,North,Retail,Home,17566,193,10
BATCH-000456,2025-01-03,North,Retail,Pet Care,9543,148,3
BATCH-000729,2025-01-03,North,Web,Home,9303,100,3
BATCH-000775,2025-01-03,North,Web,Beverages,3033,102,4
BATCH-001125,2025-01-03,East,Web,Grocery,2268,62,2
BATCH-002028,2025-01-03,North,Mobile,Personal Care,6974,162,7
BATCH-002337,2025-01-03,West,Retail,Pet Care,1912,30,0
BATCH-002485,2025-01-03,East,Retail,Home,10242,128,6
BATCH-002832,2025-01-03,North,Web,Home,2466,28,1
BATCH-003375,2025-01-03,North,Web,Grocery,5094,122,3
BATCH-003618,2025-01-03,West,Mobile,Pet Care,4120,58,2
BATCH-003688,2025-01-03,West,Partner,Personal Care,7169,129,5
BATCH-003709,2025-01-03,East,Mobile,Pet Care,8759,140,9
BATCH-004063,2025-01-03,East,Mobile,Pet Care,3768,72,3
BATCH-004195,2025-01-03,East,Web,Home,5164,57,4
BATCH-004836,2025-01-03,South,Mobile,Pet Care,8541,159,6
BATCH-000591,2025-01-04,East,Mobile,Pet Care,7937,112,5
BATCH-000694,2025-01-04,South,Partner,Home,9988,133,2
BATCH-001132,2025-01-04,North,Mobile,Beverages,2350,81,5
BATCH-001429,2025-01-04,South,Retail,Pet Care,2918,52,2
BATCH-001494,2025-01-04,North,Mobile,Beverages,3233,108,3
BATCH-001640,2025-01-04,North,Retail,Home,9094,92,5
BATCH-001698,2025-01-04,South,Retail,Pet Care,7674,114,4
BATCH-001816,2025-01-04,East,Partner,Pet Care,2948,53,1
BATCH-002052,2025-01-04,West,Web,Home,12890,182,6
BATCH-002267,2025-01-04,North,Retail,Pet Care,5268,90,1
BATCH-002433,2025-01-04,East,Web,Personal Care,1572,29,1
BATCH-003093,2025-01-04,North,Web,Pet Care,7728,118,6
BATCH-003584,2025-01-04,East,Mobile,Personal Care,2114,46,2
BATCH-004134,2025-01-04,West,Web,Personal Care,2304,44,2
BATCH-004309,2025-01-04,North,Partner,Personal Care,1292,25,1
BATCH-004523,2025-01-04,West,Partner,Grocery,5512,127,3
BATCH-004769,2025-01-04,North,Web,Pet Care,7208,97,3
BATCH-004778,2025-01-04,South,Mobile,Grocery,2932,80,2
BATCH-000062,2025-01-05,West,Web,Pet Care,2085,33,1
BATCH-000403,2025-01-05,North,Mobile,Pet Care,1887,27,1
BATCH-000643,2025-01-05,South,Partner,Grocery,5713,112,1
BATCH-001188,2025-01-05,West,Mobile,Pet Care,5539,105,4
BATCH-001374,2025-01-05,East,Web,Beverages,5473,168,6
BATCH-001398,2025-01-05,South,Partner,Personal Care,6433,127,5
BATCH-001586,2025-01-05,West,Partner,Beverages,4909,190,9
BATCH-002759,2025-01-05,West,Web,Beverages,4245,178,5
BATCH-002772,2025-01-05,West,Web,Home,11926,162,7
BATCH-003565,2025-01-05,East,Retail,Home,15494,162,6
BATCH-003934,2025-01-05,South,Web,Personal Care,4469,99,6
BATCH-003959,2025-01-05,West,Web,Home,12579,175,4
BATCH-004223,2025-01-05,South,Mobile,Home,4486,62,3
BATCH-004286,2025-01-05,West,Partner,Beverages,761,25,0
BATCH-004592,2025-01-05,South,Partner,Personal Care,2618,54,2
BATCH-004668,2025-01-05,East,Web,Grocery,7805,163,5
BATCH-000356,2025-01-06,West,Web,Grocery,1419,34,1
BATCH-000359,2025-01-06,West,Mobile,Personal Care,5621,102,3
BATCH-000455,2025-01-06,South,Retail,Personal Care,8611,179,7
BATCH-001202,2025-01-06,East,Web,Pet Care,8495,138,3
BATCH-001773,2025-01-06,East,Retail,Beverages,3000,111,5
BATCH-001826,2025-01-06,South,Retail,Grocery,8054,193,8
BATCH-002211,2025-01-06,West,Retail,Beverages,2843,122,5
BATCH-002484,2025-01-06,East,Mobile,Pet Care,11863,166,8
BATCH-003314,2025-01-06,South,Partner,Home,17466,200,7
BATCH-003504,2025-01-06,West,Mobile,Pet Care,5776,85,3
BATCH-003633,2025-01-06,West,Web,Home,4983,67,3
BATCH-003707,2025-01-06,South,Partner,Beverages,2247,69,3
BATCH-003922,2025-01-06,North,Web,Home,13757,178,7
BATCH-003991,2025-01-06,South,Partner,Beverages,5534,198,5
BATCH-004197,2025-01-06,West,Retail,Pet Care,5618,96,4
BATCH-004253,2025-01-06,West,Mobile,Beverages,3174,106,6
BATCH-004433,2025-01-06,East,Partner,Beverages,4015,122,5
BATCH-004442,2025-01-06,East,Web,Personal Care,7864,179,8
BATCH-004837,2025-01-06,East,Web,Grocery,6852,186,7
BATCH-004849,2025-01-06,West,Partner,Personal Care,7583,129,4
BATCH-000084,2025-01-07,North,Mobile,Personal Care,2446,41,2
BATCH-000181,2025-01-07,East,Mobile,Grocery,2800,55,1
BATCH-000638,2025-01-07,South,Partner,Home,10123,141,8
BATCH-000992,2025-01-07,East,Retail,Personal Care,3329,73,1
BATCH-001119,2025-01-07,East,Partner,Personal Care,4995,97,2
BATCH-001206,2025-01-07,West,Web,Home,7550,99,2
BATCH-001544,2025-01-07,East,Mobile,Beverages,2972,117,7
BATCH-001564,2025-01-07,South,Partner,Grocery,6542,129,7
BATCH-001780,2025-01-07,North,Web,Personal Care,10031,167,6
BATCH-001882,2025-01-07,East,Partner,Grocery,3499,91,2
BATCH-003021,2025-01-07,North,Web,Pet Care,12669,184,8
BATCH-003133,2025-01-07,West,Partner,Beverages,3557,127,6
BATCH-003173,2025-01-07,West,Mobile,Personal Care,6435,139,8
BATCH-003390,2025-01-07,North,Retail,Pet Care,10010,178,5
BATCH-003706,2025-01-07,West,Web,Beverages,2153,67,4
BATCH-003716,2025-01-07,West,Mobile,Pet Care,2942,44,2
BATCH-004576,2025-01-07,North,Web,Pet Care,9130,129,8
BATCH-004751,2025-01-07,East,Partner,Pet Care,12290,189,7
BATCH-004982,2025-01-07,North,Partner,Pet Care,2902,43,1
BATCH-000053,2025-01-08,West,Web,Grocery,5721,150,9
BATCH-000831,2025-01-08,South,Retail,Grocery,4023,108,1
BATCH-001069,2025-01-08,East,Partner,Pet Care,7083,136,2
BATCH-001502,2025-01-08,South,Partner,Personal Care,8827,165,6
BATCH-001934,2025-01-08,North,Partner,Beverages,3557,137,5
BATCH-002317,2025-01-08,East,Retail,Grocery,7456,166,4
BATCH-002899,2025-01-08,East,Mobile,Grocery,6750,172,8
BATCH-003345,2025-01-08,North,Partner,Pet Care,11915,164,7
BATCH-003591,2025-01-08,East,Web,Pet Care,2534,45,2
BATCH-003824,2025-01-08,West,Mobile,Pet Care,2698,44,1
BATCH-003885,2025-01-08,West,Mobile,Grocery,6414,166,4
BATCH-004655,2025-01-08,West,Retail,Pet Care,5283,81,4
BATCH-004707,2025-01-08,West,Mobile,Grocery,4565,108,4
BATCH-004779,2025-01-08,South,Retail,Pet Care,3806,71,3
BATCH-000175,2025-01-09,West,Web,Grocery,4324,87,4
BATCH-000240,2025-01-09,South,Mobile,Personal Care,1690,35,1
BATCH-000444,2025-01-09,North,Retail,Pet Care,10223,183,8
BATCH-000669,2025-01-09,South,Retail,Personal Care,6318,136,5
BATCH-000984,2025-01-09,East,Partner,Grocery,2713,53,1
BATCH-001078,2025-01-09,East,Web,Grocery,8819,190,9
BATCH-001545,2025-01-09,East,Partner,Personal Care,2367,52,2
BATCH-001622,2025-01-09,South,Web,Home,12162,133,5
BATCH-001693,2025-01-09,West,Retail,Personal Care,2863,67,1
BATCH-002142,2025-01-09,West,Web,Personal Care,3851,82,2
BATCH-002992,2025-01-09,South,Web,Beverages,928,29,1
BATCH-003947,2025-01-09,West,Partner,Grocery,5817,122,6
BATCH-004466,2025-01-09,West,Web,Home,6165,75,5
BATCH-000192,2025-01-10,East,Web,Beverages,1181,36,2
BATCH-001406,2025-01-10,North,Mobile,Beverages,2188,69,5
BATCH-001557,2025-01-10,South,Mobile,Personal Care,1524,33,2
BATCH-001609,2025-01-10,South,Web,Pet Care,11272,167,10
BATCH-002396,2025-01-10,West,Retail,Beverages,3196,137,2
BATCH-002534,2025-01-10,North,Retail,Beverages,1575,68,3
BATCH-003241,2025-01-10,West,Mobile,Personal Care,6681,129,5
BATCH-003319,2025-01-10,South,Partner,Home,6711,83,1
BATCH-003454,2025-01-10,South,Partner,Home,15996,177,10
BATCH-003494,2025-01-10,North,Web,Grocery,9266,184,11
BATCH-004374,2025-01-10,West,Partner,Beverages,1589,63,3
BATCH-004962,2025-01-10,West,Mobile,Home,18443,183,5
BATCH-000338,2025-01-11,North,Retail,Personal Care,1475,32,2
BATCH-001484,2025-01-11,East,Mobile,Beverages,3115,95,4
BATCH-001764,2025-01-11,West,Partner,Personal Care,4280,82,2
BATCH-002164,2025-01-11,South,Web,Personal Care,6674,109,3
BATCH-002338,2025-01-11,South,Mobile,Home,7791,83,2
BATCH-003023,2025-01-11,South,Partner,Personal Care,6625,135,6
BATCH-003594,2025-01-11,West,Web,Grocery,1412,35,1
BATCH-003829,2025-01-11,East,Web,Pet Care,7802,150,5
BATCH-004085,2025-01-11,South,Retail,Home,12508,126,6
BATCH-004893,2025-01-11,South,Retail,Pet Care,5009,74,3
BATCH-000168,2025-01-12,North,Retail,Personal Care,9171,154,8
BATCH-000170,2025-01-12,West,Web,Personal Care,4347,74,2
BATCH-000179,2025-01-12,North,Mobile,Personal Care,2608,44,2
BATCH-001071,2025-01-12,North,Mobile,Home,17338,176,4
BATCH-001381,2025-01-12,West,Web,Personal Care,3878,87,3
BATCH-001719,2025-01-12,West,Retail,Grocery,6086,121,4
BATCH-001778,2025-01-12,North,Retail,Grocery,5069,122,7
BATCH-001927,2025-01-12,East,Mobile,Home,12308,161,6
BATCH-002044,2025-01-12,East,Partner,Grocery,8752,194,11
BATCH-002569,2025-01-12,East,Web,Beverages,970,31,2
BATCH-002622,2025-01-12,South,Web,Home,16902,185,9
BATCH-002764,2025-01-12,South,Retail,Pet Care,2064,37,2
BATCH-003420,2025-01-12,East,Mobile,Home,6989,81,4
BATCH-003915,2025-01-12,South,Retail,Home,10713,138,4
BATCH-004417,2025-01-12,South,Retail,Grocery,4982,102,4
BATCH-004427,2025-01-12,South,Retail,Grocery,6348,130,5
BATCH-004654,2025-01-12,North,Retail,Beverages,1492,62,1
BATCH-004802,2025-01-12,West,Partner,Pet Care,4748,71,2
BATCH-004943,2025-01-12,North,Retail,Personal Care,7903,152,2
BATCH-000740,2025-01-13,North,Partner,Personal Care,2996,62,1
BATCH-001261,2025-01-13,West,Partner,Home,6153,87,2
BATCH-001326,2025-01-13,West,Partner,Grocery,4104,81,2
BATCH-001710,2025-01-13,South,Retail,Personal Care,2196,51,2
BATCH-001925,2025-01-13,North,Web,Beverages,6156,189,11
BATCH-003270,2025-01-13,West,Partner,Beverages,3285,122,2
BATCH-004310,2025-01-13,East,Partner,Personal Care,5223,94,2
BATCH-004410,2025-01-13,East,Web,Pet Care,5158,93,3
BATCH-000151,2025-01-14,North,Partner,Beverages,2862,104,4
BATCH-000316,2025-01-14,South,Partner,Personal Care,2204,38,2
BATCH-001167,2025-01-14,South,Web,Grocery,7771,194,9
BATCH-001376,2025-01-14,South,Retail,Home,9783,100,3
BATCH-001647,2025-01-14,South,Mobile,Grocery,5464,149,10
BATCH-001902,2025-01-14,East,Retail,Home,12217,129,5
BATCH-002392,2025-01-14,East,Web,Beverages,3499,126,8
BATCH-003382,2025-01-14,North,Web,Grocery,1302,33,1
BATCH-004080,2025-01-14,West,Web,Beverages,5094,175,9
BATCH-004196,2025-01-14,South,Web,Home,2949,30,2
BATCH-000169,2025-01-15,West,Partner,Pet Care,6400,113,4
BATCH-000449,2025-01-15,South,Partner,Personal Care,6796,132,2
BATCH-000722,2025-01-15,East,Partner,Grocery,8702,172,2
BATCH-001006,2025-01-15,South,Mobile,Grocery,7393,147,9
BATCH-001771,2025-01-15,East,Web,Grocery,1065,26,1
BATCH-001873,2025-01-15,East,Partner,Grocery,6148,131,4
BATCH-002073,2025-01-15,West,Web,Personal Care,5116,86,6
BATCH-002112,2025-01-15,North,Retail,Personal Care,1344,30,1
BATCH-002595,2025-01-15,South,Retail,Home,7910,109,6
BATCH-003717,2025-01-15,South,Web,Home,3712,38,1
BATCH-003772,2025-01-15,South,Web,Grocery,5898,132,4
BATCH-004172,2025-01-15,North,Web,Personal Care,5135,99,6
BATCH-004342,2025-01-15,West,Partner,Beverages,4112,145,7
BATCH-004631,2025-01-15,West,Partner,Beverages,4906,180,7
BATCH-004731,2025-01-15,South,Retail,Home,11506,117,2
BATCH-004981,2025-01-15,East,Retail,Beverages,5101,167,8
BATCH-000838,2025-01-16,West,Web,Personal Care,1976,41,2
BATCH-002559,2025-01-16,South,Partner,Grocery,7216,183,3
BATCH-003043,2025-01-16,South,Retail,Grocery,5787,129,4
BATCH-003088,2025-01-16,North,Web,Pet Care,2776,39,1
BATCH-003671,2025-01-16,East,Partner,Beverages,1109,35,2
BATCH-003939,2025-01-16,West,Partner,Home,6338,88,5
BATCH-004313,2025-01-16,West,Mobile,Home,3884,51,2
BATCH-004361,2025-01-16,South,Partner,Beverages,4674,151,5
BATCH-004472,2025-01-16,South,Partner,Home,3992,41,2
BATCH-004638,2025-01-16,South,Mobile,Pet Care,5448,93,4
BATCH-000132,2025-01-17,North,Retail,Home,13790,183,6
BATCH-000913,2025-01-17,North,Retail,Personal Care,6568,134,3
BATCH-000994,2025-01-17,East,Mobile,Grocery,3158,64,2
BATCH-001253,2025-01-17,East,Web,Personal Care,8425,159,5
BATCH-001810,2025-01-17,East,Mobile,Home,5475,63,3
BATCH-002148,2025-01-17,West,Partner,Home,9644,108,2
BATCH-002157,2025-01-17,West,Retail,Home,11560,137,6
BATCH-002383,2025-01-17,West,Retail,Beverages,890,37,2
BATCH-002477,2025-01-17,North,Web,Pet Care,9582,147,9
BATCH-002706,2025-01-17,North,Mobile,Grocery,4678,127,8
BATCH-003276,2025-01-17,West,Partner,Personal Care,2690,44,1
BATCH-003589,2025-01-17,South,Partner,Personal Care,8190,185,5
BATCH-003889,2025-01-17,North,Web,Personal Care,1397,32,1
BATCH-004102,2025-01-17,East,Retail,Personal Care,7236,159,7
BATCH-004238,2025-01-17,West,Partner,Home,7869,94,2
BATCH-004362,2025-01-17,West,Retail,Beverages,4854,183,5
BATCH-004722,2025-01-17,East,Web,Pet Care,4950,72,4
BATCH-004856,2025-01-17,South,Partner,Pet Care,1574,27,1
BATCH-004883,2025-01-17,South,Mobile,Grocery,2146,53,2
BATCH-000152,2025-01-18,East,Mobile,Home,14082,150,4
BATCH-000465,2025-01-18,North,Mobile,Pet Care,4602,86,2
BATCH-001187,2025-01-18,East,Web,Home,18019,178,5
BATCH-002147,2025-01-18,North,Web,Beverages,4134,157,6
BATCH-002202,2025-01-18,South,Partner,Personal Care,7735,135,3
BATCH-002762,2025-01-18,East,Retail,Personal Care,5357,104,6
BATCH-002852,2025-01-18,South,Mobile,Pet Care,9973,158,4
BATCH-002889,2025-01-18,West,Mobile,Grocery,1410,36,1
BATCH-002923,2025-01-18,South,Partner,Home,3931,40,2
BATCH-003159,2025-01-18,North,Web,Grocery,2439,60,3
BATCH-003470,2025-01-18,East,Partner,Personal Care,8431,171,9
BATCH-003538,2025-01-18,South,Partner,Personal Care,3173,60,2
BATCH-003954,2025-01-18,North,Mobile,Pet Care,13365,184,4
BATCH-000811,2025-01-19,South,Partner,Personal Care,8590,180,9
BATCH-000910,2025-01-19,South,Web,Home,13262,131,5
BATCH-001629,2025-01-19,South,Web,Personal Care,9072,151,6
BATCH-001894,2025-01-19,North,Mobile,Home,17838,187,11
BATCH-002050,2025-01-19,West,Partner,Home,15477,187,4
BATCH-003519,2025-01-19,South,Web,Personal Care,1749,34,2
BATCH-003910,2025-01-19,East,Mobile,Home,14855,150,10
BATCH-003938,2025-01-19,North,Retail,Personal Care,6841,129,3
BATCH-004077,2025-01-19,South,Retail,Grocery,4237,111,3
BATCH-004349,2025-01-19,East,Web,Pet Care,4791,86,5
BATCH-004379,2025-01-19,West,Partner,Beverages,2247,93,5
BATCH-004869,2025-01-19,South,Web,Beverages,3228,107,6
BATCH-004875,2025-01-19,North,Retail,Personal Care,1005,21,1
BATCH-000092,2025-01-20,South,Mobile,Home,7739,81,2
BATCH-000612,2025-01-20,South,Web,Beverages,5196,162,6
BATCH-000970,2025-01-20,East,Partner,Home,6068,65,3
BATCH-001418,2025-01-20,East,Partner,Pet Care,10328,172,2
BATCH-001425,2025-01-20,North,Mobile,Grocery,2185,51,2
BATCH-001440,2025-01-20,West,Partner,Personal Care,5400,103,4
BATCH-001679,2025-01-20,South,Mobile,Personal Care,9294,175,11
BATCH-002580,2025-01-20,East,Mobile,Beverages,2863,123,3
BATCH-003151,2025-01-20,South,Partner,Grocery,7591,149,4
BATCH-003225,2025-01-20,East,Partner,Pet Care,1903,31,0
BATCH-003320,2025-01-20,North,Retail,Pet Care,4877,74,3
BATCH-003557,2025-01-20,East,Partner,Home,11600,142,3
BATCH-003692,2025-01-20,East,Web,Home,6250,83,4
BATCH-004019,2025-01-20,North,Web,Personal Care,3362,75,3
BATCH-004050,2025-01-20,East,Retail,Personal Care,5559,120,5
BATCH-004233,2025-01-20,East,Web,Grocery,8422,164,11
BATCH-004516,2025-01-20,North,Web,Home,11564,121,4
BATCH-004694,2025-01-20,South,Retail,Beverages,4328,182,5
BATCH-004750,2025-01-20,West,Retail,Grocery,7230,165,8
BATCH-004828,2025-01-20,West,Web,Pet Care,7014,109,7
BATCH-000398,2025-01-21,North,Partner,Pet Care,4110,68,2
BATCH-000585,2025-01-21,North,Retail,Beverages,4760,163,7
BATCH-001351,2025-01-21,West,Mobile,Grocery,1375,34,1
BATCH-001401,2025-01-21,West,Mobile,Personal Care,7703,129,6
BATCH-001688,2025-01-21,East,Web,Pet Care,7913,111,2
BATCH-001701,2025-01-21,West,Web,Beverages,6053,194,5
BATCH-001804,2025-01-21,South,Mobile,Pet Care,9126,162,9
BATCH-002019,2025-01-21,South,Retail,Grocery,5691,154,6
BATCH-002546,2025-01-21,East,Mobile,Pet Care,5059,85,5
BATCH-002841,2025-01-21,East,Mobile,Home,4037,47,3
BATCH-002953,2025-01-21,North,Web,Personal Care,2376,46,3
BATCH-002993,2025-01-21,East,Retail,Home,13947,161,4
BATCH-003024,2025-01-21,North,Web,Beverages,663,26,1
BATCH-003348,2025-01-21,West,Web,Home,7792,106,6
BATCH-003590,2025-01-21,South,Mobile,Beverages,2183,74,4
BATCH-003942,2025-01-21,West,Retail,Grocery,5142,101,3
BATCH-004120,2025-01-21,North,Mobile,Home,7539,88,4
BATCH-004180,2025-01-21,South,Retail,Beverages,3895,120,6
BATCH-004529,2025-01-21,East,Partner,Beverages,6079,192,4
BATCH-004591,2025-01-21,East,Web,Personal Care,2436,55,2
BATCH-004614,2025-01-21,East,Mobile,Personal Care,4936,110,7
BATCH-000481,2025-01-22,North,Mobile,Personal Care,6848,125,8
BATCH-000915,2025-01-22,West,Retail,Beverages,4684,159,3
BATCH-001453,2025-01-22,North,Partner,Grocery,2049,42,1
BATCH-001864,2025-01-22,North,Retail,Beverages,2769,103,5
BATCH-001906,2025-01-22,East,Retail,Pet Care,2310,40,1
BATCH-002456,2025-01-22,East,Retail,Home,8780,88,2
BATCH-002613,2025-01-22,East,Web,Pet Care,11299,173,11
BATCH-002879,2025-01-22,South,Retail,Pet Care,7921,127,3
BATCH-003295,2025-01-22,East,Retail,Personal Care,2758,46,1
BATCH-003487,2025-01-22,North,Retail,Personal Care,6816,122,2
BATCH-003678,2025-01-22,East,Retail,Beverages,964,32,2
BATCH-004294,2025-01-22,North,Retail,Grocery,3656,91,3
BATCH-001283,2025-01-23,North,Retail,Beverages,4642,180,7
BATCH-002089,2025-01-23,North,Retail,Home,4353,61,2
BATCH-002175,2025-01-23,North,Partner,Home,8029,110,3
BATCH-002800,2025-01-23,South,Web,Personal Care,7547,173,7
BATCH-002823,2025-01-23,North,Web,Grocery,2964,72,4
BATCH-003395,2025-01-23,East,Mobile,Beverages,5474,178,6
BATCH-004783,2025-01-23,West,Web,Grocery,2252,44,1
BATCH-000408,2025-01-24,South,Retail,Beverages,1493,57,2
BATCH-001127,2025-01-24,West,Mobile,Personal Care,8910,156,6
BATCH-001496,2025-01-24,South,Partner,Personal Care,3483,57,3
BATCH-001592,2025-01-24,West,Mobile,Home,6631,85,4
BATCH-001666,2025-01-24,West,Web,Home,15334,161,6
BATCH-001830,2025-01-24,North,Mobile,Pet Care,3823,70,3
BATCH-001899,2025-01-24,North,Retail,Grocery,3040,59,2
BATCH-002669,2025-01-24,South,Partner,Pet Care,12556,185,6
BATCH-003178,2025-01-24,East,Mobile,Beverages,3746,137,6
BATCH-003357,2025-01-24,West,Partner,Home,8795,88,2
BATCH-003496,2025-01-24,West,Web,Pet Care,8387,134,4
BATCH-003502,2025-01-24,North,Mobile,Beverages,3759,131,3
BATCH-003586,2025-01-24,West,Mobile,Personal Care,9592,186,5
BATCH-003606,2025-01-24,West,Partner,Pet Care,8186,115,4
BATCH-003632,2025-01-24,East,Retail,Grocery,5563,111,4
BATCH-004385,2025-01-24,North,Retail,Home,5658,62,2
BATCH-004485,2025-01-24,North,Partner,Personal Care,1956,36,1
BATCH-004622,2025-01-24,East,Partner,Beverages,4491,159,5
BATCH-004692,2025-01-24,South,Partner,Home,18071,181,10
BATCH-004735,2025-01-24,North,Partner,Grocery,8469,172,9
BATCH-000239,2025-01-25,West,Mobile,Personal Care,7992,168,11
BATCH-000399,2025-01-25,West,Partner,Grocery,6747,130,2
BATCH-000723,2025-01-25,West,Mobile,Home,15853,187,10
BATCH-000974,2025-01-25,East,Retail,Personal Care,9703,190,9
BATCH-001131,2025-01-25,North,Retail,Home,6682,69,4
BATCH-001659,2025-01-25,North,Web,Personal Care,976,20,1
BATCH-001703,2025-01-25,North,Partner,Grocery,1232,26,1
BATCH-002668,2025-01-25,West,Retail,Home,9472,101,2
BATCH-002758,2025-01-25,East,Web,Grocery,5847,119,8
BATCH-002917,2025-01-25,South,Retail,Beverages,620,24,0
BATCH-003006,2025-01-25,North,Web,Home,5527,58,4
BATCH-004043,2025-01-25,East,Partner,Grocery,4425,86,4
BATCH-004321,2025-01-25,West,Retail,Pet Care,10005,173,6
BATCH-000095,2025-01-26,West,Mobile,Grocery,6639,168,4
BATCH-000667,2025-01-26,South,Web,Personal Care,9658,162,5
BATCH-000708,2025-01-26,East,Retail,Home,5515,62,3
BATCH-001646,2025-01-26,North,Mobile,Grocery,1014,25,1
BATCH-001960,2025-01-26,North,Partner,Beverages,2590,93,2
BATCH-002354,2025-01-26,East,Retail,Grocery,5049,118,5
BATCH-002374,2025-01-26,East,Mobile,Personal Care,9521,174,10
BATCH-002596,2025-01-26,North,Web,Home,7409,78,2
BATCH-002755,2025-01-26,West,Partner,Pet Care,8556,122,6
BATCH-003059,2025-01-26,South,Partner,Beverages,1898,65,2
BATCH-003260,2025-01-26,East,Partner,Grocery,2418,61,3
BATCH-003567,2025-01-26,North,Web,Personal Care,5123,87,4
BATCH-003694,2025-01-26,West,Web,Grocery,2401,56,3
BATCH-004408,2025-01-26,West,Web,Grocery,7067,169,7
BATCH-004581,2025-01-26,North,Partner,Grocery,2547,63,2
BATCH-000488,2025-01-27,North,Retail,Home,1835,22,1
BATCH-000773,2025-01-27,West,Web,Personal Care,9718,171,4
BATCH-000858,2025-01-27,North,Web,Pet Care,6051,85,4
BATCH-000951,2025-01-27,East,Partner,Personal Care,10378,184,4
BATCH-001010,2025-01-27,West,Partner,Beverages,1932,60,2
BATCH-001276,2025-01-27,South,Web,Personal Care,6389,131,8
BATCH-002257,2025-01-27,West,Retail,Pet Care,5881,84,2
BATCH-002272,2025-01-27,South,Partner,Grocery,1932,49,1
BATCH-002826,2025-01-27,South,Web,Grocery,4211,107,5
BATCH-002936,2025-01-27,South,Retail,Grocery,7167,143,4
BATCH-004150,2025-01-27,East,Web,Beverages,5498,168,6
BATCH-004157,2025-01-27,West,Partner,Home,15959,178,3
BATCH-004244,2025-01-27,East,Web,Beverages,2241,90,2
BATCH-001001,2025-01-28,West,Partner,Grocery,6300,149,2
BATCH-001616,2025-01-28,South,Partner,Grocery,2053,44,2
BATCH-001720,2025-01-28,West,Mobile,Pet Care,5754,107,2
BATCH-001979,2025-01-28,West,Partner,Personal Care,8691,160,6
BATCH-002240,2025-01-28,East,Mobile,Personal Care,7397,166,9
BATCH-002355,2025-01-28,West,Web,Beverages,3543,115,3
BATCH-002806,2025-01-28,South,Retail,Grocery,1758,36,0
BATCH-003003,2025-01-28,East,Partner,Beverages,2191,92,3
BATCH-003221,2025-01-28,North,Web,Beverages,896,34,2
BATCH-003419,2025-01-28,East,Mobile,Home,12674,176,7
BATCH-003895,2025-01-28,West,Mobile,Grocery,5904,147,9
BATCH-004097,2025-01-28,West,Web,Pet Care,6776,120,3
BATCH-004436,2025-01-28,South,Partner,Pet Care,4926,86,2
BATCH-004788,2025-01-28,South,Retail,Personal Care,4786,109,3
BATCH-000439,2025-01-29,West,Retail,Home,13531,144,8
BATCH-000647,2025-01-29,East,Retail,Home,4357,52,3
BATCH-001022,2025-01-29,East,Mobile,Pet Care,11057,177,10
BATCH-001435,2025-01-29,West,Partner,Grocery,4302,86,5
BATCH-002313,2025-01-29,South,Web,Pet Care,13039,198,10
BATCH-002426,2025-01-29,West,Mobile,Grocery,5634,155,8
BATCH-002457,2025-01-29,South,Partner,Grocery,2601,57,3
BATCH-002463,2025-01-29,East,Retail,Grocery,2678,56,3
BATCH-003613,2025-01-29,North,Web,Beverages,5480,168,10
BATCH-003801,2025-01-29,East,Partner,Home,7709,76,3
BATCH-003903,2025-01-29,North,Partner,Grocery,7481,158,5
BATCH-003970,2025-01-29,East,Web,Beverages,1580,48,3
BATCH-004258,2025-01-29,North,Retail,Home,12016,131,4
BATCH-000018,2025-01-30,East,Mobile,Beverages,4878,179,6
BATCH-000097,2025-01-30,East,Retail,Beverages,3168,119,6
BATCH-000275,2025-01-30,East,Retail,Beverages,5011,190,6
BATCH-000382,2025-01-30,East,Partner,Personal Care,9517,178,7
BATCH-000393,2025-01-30,East,Retail,Home,12412,137,4
BATCH-000747,2025-01-30,East,Partner,Personal Care,9854,199,3
BATCH-000999,2025-01-30,East,Retail,Home,13982,184,6
BATCH-001068,2025-01-30,West,Retail,Personal Care,9408,184,3
BATCH-001302,2025-01-30,North,Web,Home,8241,98,5
BATCH-001889,2025-01-30,East,Mobile,Beverages,837,30,1
BATCH-002053,2025-01-30,East,Web,Pet Care,5841,83,3
BATCH-002979,2025-01-30,North,Retail,Beverages,3947,145,4
BATCH-003263,2025-01-30,South,Retail,Home,13583,145,4
BATCH-003690,2025-01-30,North,Partner,Beverages,5576,175,8
BATCH-003698,2025-01-30,West,Mobile,Home,7154,75,2
BATCH-004311,2025-01-30,East,Retail,Pet Care,6746,97,1
BATCH-004424,2025-01-30,North,Mobile,Personal Care,3857,90,5
BATCH-004721,2025-01-30,West,Retail,Personal Care,4256,83,2
BATCH-001015,2025-01-31,East,Partner,Pet Care,12011,176,3
BATCH-001165,2025-01-31,West,Partner,Beverages,819,31,2
BATCH-001226,2025-01-31,West,Partner,Personal Care,6240,134,5
BATCH-001405,2025-01-31,South,Retail,Pet Care,6180,116,5
BATCH-001438,2025-01-31,South,Retail,Home,6197,65,3
BATCH-001531,2025-01-31,West,Web,Grocery,1845,38,2
BATCH-002731,2025-01-31,West,Web,Grocery,3059,71,3
BATCH-002794,2025-01-31,West,Partner,Personal Care,9846,167,8
BATCH-003528,2025-01-31,West,Retail,Personal Care,2344,49,1
BATCH-003574,2025-01-31,North,Retail,Pet Care,8379,138,4
BATCH-004469,2025-01-31,East,Web,Home,1423,20,1
BATCH-001473,2025-02-01,East,Partner,Home,11250,113,5
BATCH-001779,2025-02-01,North,Retail,Home,2639,32,1
BATCH-001920,2025-02-01,West,Mobile,Grocery,3047,83,2
BATCH-002476,2025-02-01,South,Partner,Home,8734,120,2
BATCH-002515,2025-02-01,West,Mobile,Grocery,7840,197,6
BATCH-002788,2025-02-01,West,Mobile,Pet Care,2514,40,3
BATCH-003352,2025-02-01,West,Partner,Home,18942,194,9
BATCH-003785,2025-02-01,South,Partner,Beverages,1482,45,1
BATCH-004544,2025-02-01,South,Retail,Pet Care,4541,65,3
BATCH-000267,2025-02-02,West,Retail,Grocery,3810,76,2
BATCH-000867,2025-02-02,West,Partner,Grocery,2018,45,2
BATCH-000961,2025-02-02,South,Mobile,Beverages,5377,179,11
BATCH-001179,2025-02-02,West,Mobile,Home,13469,135,5
BATCH-002443,2025-02-02,South,Web,Personal Care,7606,164,4
BATCH-002866,2025-02-02,North,Mobile,Home,14610,198,10
BATCH-002997,2025-02-02,East,Mobile,Personal Care,10095,177,8
BATCH-003667,2025-02-02,South,Retail,Personal Care,9803,193,8
BATCH-003817,2025-02-02,North,Retail,Personal Care,9219,180,7
BATCH-003821,2025-02-02,South,Mobile,Grocery,3250,85,5
BATCH-004786,2025-02-02,North,Mobile,Home,10756,141,3
BATCH-004807,2025-02-02,East,Mobile,Home,12126,147,8
BATCH-001447,2025-02-03,West,Retail,Home,8955,119,3
BATCH-001877,2025-02-03,North,Mobile,Home,7895,79,3
BATCH-001915,2025-02-03,West,Web,Home,5553,75,4
BATCH-002047,2025-02-03,North,Mobile,Pet Care,5631,106,6
BATCH-002074,2025-02-03,East,Web,Personal Care,7331,145,6
BATCH-002091,2025-02-03,East,Retail,Home,11703,144,8
BATCH-002311,2025-02-03,North,Partner,Grocery,2633,58,1
BATCH-002442,2025-02-03,East,Partner,Home,12663,165,8
BATCH-002545,2025-02-03,North,Mobile,Pet Care,10093,192,7
BATCH-002963,2025-02-03,West,Partner,Grocery,4556,91,1
BATCH-003354,2025-02-03,North,Mobile,Home,8418,96,6
BATCH-003445,2025-02-03,South,Mobile,Pet Care,6094,99,4
BATCH-003697,2025-02-03,East,Web,Personal Care,3380,58,4
BATCH-003714,2025-02-03,West,Partner,Pet Care,2429,42,2
BATCH-003931,2025-02-03,West,Web,Pet Care,2677,42,1
BATCH-004747,2025-02-03,North,Web,Personal Care,4311,83,3
BATCH-000102,2025-02-04,West,Partner,Grocery,7093,137,7
BATCH-000297,2025-02-04,East,Retail,Personal Care,6933,113,3
BATCH-000303,2025-02-04,East,Web,Personal Care,10037,190,10
BATCH-000779,2025-02-04,West,Partner,Grocery,958,24,1
BATCH-000810,2025-02-04,West,Web,Beverages,2472,89,4
BATCH-000917,2025-02-04,North,Web,Beverages,4904,151,4
BATCH-000962,2025-02-04,West,Partner,Home,3123,42,1
BATCH-000998,2025-02-04,South,Partner,Pet Care,13332,181,8
BATCH-001775,2025-02-04,East,Partner,Home,7174,85,3
BATCH-002235,2025-02-04,East,Web,Beverages,5636,199,8
BATCH-002399,2025-02-04,East,Partner,Beverages,1179,38,1
BATCH-002409,2025-02-04,South,Retail,Personal Care,7625,159,7
BATCH-003554,2025-02-04,East,Partner,Grocery,1140,28,1
BATCH-004036,2025-02-04,South,Retail,Home,17489,173,8
BATCH-004393,2025-02-04,North,Retail,Grocery,6698,135,2
BATCH-004715,2025-02-04,East,Partner,Beverages,2709,107,6
BATCH-004952,2025-02-04,East,Web,Beverages,713,27,1
BATCH-000217,2025-02-05,West,Partner,Pet Care,6706,125,3
BATCH-001252,2025-02-05,South,Web,Pet Care,12393,178,5
BATCH-001694,2025-02-05,North,Mobile,Personal Care,6079,106,3
BATCH-001919,2025-02-05,North,Mobile,Pet Care,2719,48,2
BATCH-002816,2025-02-05,West,Partner,Personal Care,4694,108,6
BATCH-002834,2025-02-05,South,Partner,Beverages,2785,117,4
BATCH-003508,2025-02-05,North,Web,Grocery,5921,138,7
BATCH-004487,2025-02-05,East,Partner,Beverages,2759,89,2
BATCH-000260,2025-02-06,South,Web,Home,13108,173,6
BATCH-001110,2025-02-06,North,Web,Personal Care,9105,161,3
BATCH-001121,2025-02-06,North,Partner,Beverages,3292,132,3
BATCH-001279,2025-02-06,South,Partner,Pet Care,6914,100,5
BATCH-001708,2025-02-06,West,Partner,Home,10888,123,6
BATCH-002384,2025-02-06,East,Web,Pet Care,12417,177,7
BATCH-002431,2025-02-06,South,Web,Home,15294,163,5
BATCH-002779,2025-02-06,South,Retail,Beverages,1366,56,2
BATCH-003848,2025-02-06,East,Mobile,Personal Care,8784,178,4
BATCH-004091,2025-02-06,East,Mobile,Personal Care,6457,128,4
BATCH-004659,2025-02-06,South,Mobile,Grocery,4490,104,5
BATCH-004833,2025-02-06,South,Partner,Personal Care,1186,20,0
BATCH-004970,2025-02-06,East,Partner,Personal Care,2065,36,1
BATCH-001094,2025-02-07,West,Partner,Personal Care,5655,113,6
BATCH-001300,2025-02-07,West,Mobile,Pet Care,1420,25,1
BATCH-001412,2025-02-07,West,Web,Personal Care,2015,34,1
BATCH-002000,2025-02-07,West,Retail,Personal Care,3755,73,3
BATCH-002041,2025-02-07,South,Mobile,Home,5421,61,1
BATCH-002858,2025-02-07,East,Partner,Home,18328,189,7
BATCH-003607,2025-02-07,West,Partner,Personal Care,5086,92,5
BATCH-003781,2025-02-07,North,Partner,Beverages,3143,122,3
BATCH-003996,2025-02-07,West,Retail,Beverages,3370,127,5
BATCH-004013,2025-02-07,South,Retail,Pet Care,8208,112,6
BATCH-004449,2025-02-07,South,Partner,Beverages,4431,160,4
BATCH-004506,2025-02-07,North,Partner,Home,12788,132,7
BATCH-004573,2025-02-07,North,Mobile,Pet Care,9034,159,7
BATCH-004598,2025-02-07,North,Mobile,Beverages,5205,191,12
BATCH-004599,2025-02-07,North,Web,Pet Care,5327,93,5
BATCH-000233,2025-02-08,East,Web,Home,6926,72,4
BATCH-000502,2025-02-08,South,Retail,Grocery,6722,157,5
BATCH-001574,2025-02-08,North,Partner,Home,13123,132,2
BATCH-002325,2025-02-08,South,Web,Pet Care,9563,164,11
BATCH-003040,2025-02-08,North,Mobile,Beverages,5566,190,9
BATCH-003042,2025-02-08,North,Retail,Beverages,5114,183,7
BATCH-003255,2025-02-08,East,Web,Pet Care,9412,167,6
BATCH-003705,2025-02-08,South,Retail,Home,4491,55,3
BATCH-003766,2025-02-08,North,Web,Home,16305,161,4
BATCH-004272,2025-02-08,West,Web,Home,11561,136,5
BATCH-000039,2025-02-09,West,Mobile,Pet Care,3091,45,3
BATCH-000386,2025-02-09,West,Mobile,Pet Care,4301,59,2
BATCH-000418,2025-02-09,West,Web,Grocery,6603,164,11
BATCH-000469,2025-02-09,East,Partner,Home,4962,67,3
BATCH-000834,2025-02-09,South,Retail,Beverages,3871,150,5
BATCH-001953,2025-02-09,North,Web,Home,3521,45,1
BATCH-002738,2025-02-09,West,Retail,Grocery,3367,87,2
BATCH-003177,2025-02-09,South,Partner,Beverages,2190,85,2
BATCH-004135,2025-02-09,East,Web,Beverages,4667,195,6
BATCH-000886,2025-02-10,East,Web,Pet Care,1439,25,1
BATCH-000986,2025-02-10,East,Mobile,Personal Care,919,21,1
BATCH-001028,2025-02-10,West,Partner,Beverages,3207,134,5
BATCH-001209,2025-02-10,East,Mobile,Personal Care,7116,152,4
BATCH-001343,2025-02-10,South,Partner,Personal Care,4215,95,2
BATCH-001388,2025-02-10,West,Web,Grocery,2681,72,3
BATCH-001457,2025-02-10,North,Mobile,Home,1855,20,1
BATCH-001684,2025-02-10,East,Mobile,Beverages,3340,138,7
BATCH-002131,2025-02-10,North,Web,Personal Care,9394,161,7
BATCH-002168,2025-02-10,South,Mobile,Home,13220,177,8
BATCH-002687,2025-02-10,West,Partner,Grocery,3972,91,1
BATCH-002767,2025-02-10,West,Partner,Grocery,7844,196,4
BATCH-003031,2025-02-10,West,Retail,Personal Care,2934,59,3
BATCH-004596,2025-02-10,North,Partner,Beverages,1709,71,3
BATCH-004643,2025-02-10,West,Partner,Beverages,702,27,2
BATCH-004718,2025-02-10,South,Retail,Pet Care,4571,87,4
BATCH-000001,2025-02-11,South,Web,Pet Care,8815,142,8
BATCH-000107,2025-02-11,West,Partner,Beverages,1060,43,1
BATCH-000889,2025-02-11,South,Web,Grocery,1493,34,1
BATCH-000894,2025-02-11,North,Web,Pet Care,2031,28,1
BATCH-000996,2025-02-11,East,Retail,Grocery,795,22,0
BATCH-002018,2025-02-11,South,Partner,Beverages,1574,57,3
BATCH-002292,2025-02-11,South,Partner,Home,19865,199,5
BATCH-002656,2025-02-11,North,Partner,Pet Care,2437,35,1
BATCH-003075,2025-02-11,South,Retail,Home,2626,36,1
BATCH-004225,2025-02-11,South,Mobile,Grocery,3087,71,5
BATCH-004603,2025-02-11,East,Web,Grocery,6528,173,5
BATCH-004941,2025-02-11,North,Retail,Pet Care,6159,106,5
BATCH-000274,2025-02-12,South,Mobile,Home,7302,74,4
BATCH-001805,2025-02-12,North,Partner,Beverages,2245,91,4
BATCH-002378,2025-02-12,North,Mobile,Home,2534,28,2
BATCH-002571,2025-02-12,North,Web,Pet Care,7584,122,5
BATCH-002673,2025-02-12,East,Web,Beverages,5666,191,12
BATCH-003212,2025-02-12,South,Retail,Personal Care,9032,162,4
BATCH-003537,2025-02-12,West,Web,Home,8523,92,5
BATCH-004302,2025-02-12,East,Partner,Grocery,1985,39,2
BATCH-004502,2025-02-12,East,Retail,Beverages,3570,121,6
BATCH-000374,2025-02-13,North,Mobile,Pet Care,4970,80,4
BATCH-001389,2025-02-13,West,Mobile,Beverages,1215,39,3
BATCH-001507,2025-02-13,West,Web,Beverages,3822,137,3
BATCH-001692,2025-02-13,South,Partner,Home,14284,159,6
BATCH-001911,2025-02-13,East,Retail,Home,14991,193,4
BATCH-002266,2025-02-13,South,Retail,Grocery,3275,81,4
BATCH-003147,2025-02-13,West,Web,Pet Care,6771,128,6
BATCH-003245,2025-02-13,South,Web,Pet Care,10953,187,5
BATCH-003403,2025-02-13,West,Web,Home,6303,82,5
BATCH-003514,2025-02-13,East,Partner,Pet Care,10947,152,4
BATCH-003628,2025-02-13,West,Partner,Beverages,3311,131,3
BATCH-004112,2025-02-13,South,Retail,Grocery,2811,70,4
BATCH-004597,2025-02-13,East,Retail,Beverages,1882,74,3
BATCH-000055,2025-02-14,East,Partner,Grocery,2799,73,4
BATCH-000314,2025-02-14,North,Web,Beverages,4579,188,11
BATCH-000326,2025-02-14,South,Retail,Grocery,890,21,1
BATCH-000880,2025-02-14,North,Retail,Personal Care,6811,128,7
BATCH-000983,2025-02-14,North,Partner,Grocery,7145,183,10
BATCH-001014,2025-02-14,South,Partner,Beverages,1167,38,1
BATCH-001812,2025-02-14,North,Partner,Pet Care,9513,137,5
BATCH-002438,2025-02-14,West,Web,Pet Care,11415,200,6
BATCH-002464,2025-02-14,East,Retail,Personal Care,11268,193,10
BATCH-002892,2025-02-14,East,Mobile,Grocery,1194,28,1
BATCH-003428,2025-02-14,West,Partner,Grocery,6838,183,6
BATCH-003459,2025-02-14,East,Web,Pet Care,5535,102,6
BATCH-003523,2025-02-14,South,Retail,Grocery,1027,24,0
BATCH-003835,2025-02-14,East,Partner,Pet Care,9199,163,3
BATCH-003892,2025-02-14,West,Web,Beverages,4932,157,9
BATCH-004074,2025-02-14,South,Partner,Home,3948,54,2
BATCH-004249,2025-02-14,South,Retail,Pet Care,11815,167,8
BATCH-004462,2025-02-14,South,Web,Grocery,1160,31,2
BATCH-004901,2025-02-14,West,Mobile,Beverages,4216,141,4
BATCH-000005,2025-02-15,North,Web,Beverages,841,30,2
BATCH-000330,2025-02-15,North,Web,Home,4101,46,2
BATCH-000511,2025-02-15,North,Mobile,Pet Care,12111,189,4
BATCH-000698,2025-02-15,West,Retail,Pet Care,9295,175,6
BATCH-000754,2025-02-15,North,Web,Personal Care,3908,91,4
BATCH-000835,2025-02-15,West,Mobile,Beverages,2721,83,3
BATCH-000857,2025-02-15,North,Web,Personal Care,3859,80,3
BATCH-000872,2025-02-15,South,Mobile,Grocery,7052,164,7
BATCH-001075,2025-02-15,East,Mobile,Personal Care,8124,152,4
BATCH-001368,2025-02-15,West,Partner,Grocery,1241,28,1
BATCH-001432,2025-02-15,East,Mobile,Pet Care,8282,122,6
BATCH-001817,2025-02-15,East,Web,Personal Care,7832,181,8
BATCH-001848,2025-02-15,North,Web,Pet Care,9821,147,8
BATCH-002116,2025-02-15,East,Mobile,Pet Care,12181,172,6
BATCH-002193,2025-02-15,South,Partner,Beverages,1842,76,1
BATCH-002223,2025-02-15,East,Mobile,Home,9604,121,8
BATCH-002708,2025-02-15,East,Mobile,Grocery,4600,90,4
BATCH-002831,2025-02-15,East,Partner,Pet Care,7288,131,5
BATCH-003027,2025-02-15,North,Retail,Pet Care,5120,78,1
BATCH-003036,2025-02-15,East,Retail,Personal Care,1894,32,1
BATCH-003107,2025-02-15,South,Partner,Personal Care,7029,133,7
BATCH-003645,2025-02-15,South,Partner,Home,11135,116,5
BATCH-004067,2025-02-15,North,Mobile,Grocery,8698,188,12
BATCH-004644,2025-02-15,East,Retail,Grocery,745,20,1
BATCH-000099,2025-02-16,North,Web,Beverages,650,21,1
BATCH-000208,2025-02-16,South,Partner,Grocery,7367,194,10
BATCH-001233,2025-02-16,South,Mobile,Beverages,3765,119,4
BATCH-001491,2025-02-16,North,Partner,Beverages,3506,150,7
BATCH-001735,2025-02-16,South,Web,Grocery,4740,94,6
BATCH-003135,2025-02-16,East,Web,Grocery,3333,66,3
BATCH-003656,2025-02-16,South,Retail,Grocery,1320,31,2
BATCH-003669,2025-02-16,West,Partner,Beverages,3865,126,5
BATCH-003708,2025-02-16,South,Partner,Home,12125,136,7
BATCH-003780,2025-02-16,South,Partner,Pet Care,3735,67,2
BATCH-003902,2025-02-16,West,Mobile,Pet Care,6367,112,4
BATCH-004886,2025-02-16,East,Partner,Home,13534,161,5
BATCH-000177,2025-02-17,East,Web,Grocery,7710,180,11
BATCH-000207,2025-02-17,South,Mobile,Grocery,7595,154,10
BATCH-000572,2025-02-17,West,Mobile,Home,13481,180,10
BATCH-000726,2025-02-17,East,Web,Pet Care,10545,161,4
BATCH-001393,2025-02-17,South,Partner,Personal Care,5154,87,4
BATCH-001553,2025-02-17,West,Retail,Beverages,5379,167,9
BATCH-001673,2025-02-17,East,Partner,Beverages,2817,97,5
BATCH-002146,2025-02-17,East,Partner,Personal Care,3044,67,2
BATCH-002304,2025-02-17,West,Web,Home,11009,153,8
BATCH-003315,2025-02-17,West,Web,Pet Care,4686,67,3
BATCH-003937,2025-02-17,West,Mobile,Pet Care,4306,69,2
BATCH-004184,2025-02-17,North,Retail,Grocery,1444,39,1
BATCH-004431,2025-02-17,West,Web,Home,2565,30,1
BATCH-004764,2025-02-17,East,Web,Pet Care,4572,72,4
BATCH-000032,2025-02-18,East,Partner,Home,4271,43,1
BATCH-000105,2025-02-18,East,Partner,Personal Care,1905,42,2
BATCH-001074,2025-02-18,East,Mobile,Personal Care,6194,131,6
BATCH-001237,2025-02-18,East,Retail,Beverages,2515,104,3
BATCH-001336,2025-02-18,South,Retail,Pet Care,10207,156,2
BATCH-001635,2025-02-18,North,Mobile,Beverages,884,30,2
BATCH-003517,2025-02-18,South,Partner,Grocery,8471,169,10
BATCH-003650,2025-02-18,East,Retail,Beverages,1803,63,2
BATCH-003932,2025-02-18,North,Web,Pet Care,9215,168,5
BATCH-003955,2025-02-18,North,Retail,Beverages,1451,54,2
BATCH-003958,2025-02-18,North,Partner,Home,13182,160,6
BATCH-004862,2025-02-18,North,Mobile,Grocery,2995,66,3
BATCH-000127,2025-02-19,West,Mobile,Pet Care,4722,80,2
BATCH-000509,2025-02-19,North,Partner,Pet Care,5890,112,4
BATCH-000537,2025-02-19,East,Mobile,Personal Care,5678,121,7
BATCH-000935,2025-02-19,East,Partner,Beverages,1782,74,3
BATCH-000997,2025-02-19,West,Partner,Beverages,1796,75,3
BATCH-001111,2025-02-19,West,Partner,Personal Care,8214,149,7
BATCH-001515,2025-02-19,East,Mobile,Pet Care,8271,153,7
BATCH-001652,2025-02-19,West,Web,Pet Care,7606,106,5
BATCH-002010,2025-02-19,South,Retail,Home,6348,77,3
BATCH-002379,2025-02-19,West,Web,Home,7765,89,5
BATCH-002404,2025-02-19,South,Mobile,Home,9412,113,7
BATCH-002413,2025-02-19,West,Retail,Grocery,4160,113,5
BATCH-002495,2025-02-19,South,Partner,Home,13084,166,5
BATCH-002501,2025-02-19,West,Retail,Grocery,5016,121,7
BATCH-002636,2025-02-19,North,Mobile,Grocery,3128,72,4
BATCH-002743,2025-02-19,South,Retail,Beverages,5860,188,10
BATCH-003432,2025-02-19,East,Retail,Beverages,3020,97,5
BATCH-003966,2025-02-19,West,Mobile,Personal Care,10064,193,7
BATCH-004484,2025-02-19,South,Retail,Pet Care,1590,27,0
BATCH-004583,2025-02-19,West,Partner,Grocery,5401,127,2
BATCH-004706,2025-02-19,South,Partner,Home,7138,81,2
BATCH-004860,2025-02-19,South,Partner,Grocery,5304,146,8
BATCH-004921,2025-02-19,North,Web,Pet Care,9625,165,10
BATCH-000044,2025-02-20,North,Web,Personal Care,10030,184,8
BATCH-000936,2025-02-20,South,Retail,Personal Care,8616,192,5
BATCH-001310,2025-02-20,West,Partner,Home,8410,109,6
BATCH-001363,2025-02-20,South,Retail,Pet Care,12495,193,6
BATCH-001414,2025-02-20,South,Web,Home,2648,27,1
BATCH-001954,2025-02-20,East,Web,Grocery,3456,77,5
BATCH-002475,2025-02-20,South,Partner,Home,16448,197,6
BATCH-002782,2025-02-20,East,Mobile,Home,2687,34,1
BATCH-002894,2025-02-20,West,Retail,Home,3266,37,1
BATCH-003313,2025-02-20,North,Web,Personal Care,6326,130,6
BATCH-003334,2025-02-20,East,Mobile,Personal Care,2667,44,3
BATCH-003522,2025-02-20,South,Partner,Pet Care,1522,28,1
BATCH-003729,2025-02-20,West,Partner,Pet Care,4920,70,3
BATCH-003773,2025-02-20,West,Partner,Personal Care,6032,131,5
BATCH-004255,2025-02-20,East,Web,Beverages,1479,50,2
BATCH-004607,2025-02-20,North,Web,Grocery,7017,148,5
BATCH-004661,2025-02-20,West,Retail,Pet Care,5896,112,4
BATCH-000052,2025-02-21,South,Retail,Personal Care,3276,55,2
BATCH-000141,2025-02-21,South,Partner,Personal Care,7343,166,8
BATCH-000167,2025-02-21,North,Retail,Personal Care,1848,34,1
BATCH-000490,2025-02-21,East,Retail,Grocery,5407,144,2
BATCH-000702,2025-02-21,East,Partner,Grocery,6870,185,7
BATCH-001335,2025-02-21,West,Web,Pet Care,10713,158,10
BATCH-001938,2025-02-21,North,Partner,Grocery,5256,136,2
BATCH-002238,2025-02-21,North,Partner,Beverages,697,26,1
BATCH-002348,2025-02-21,South,Partner,Beverages,4332,140,6
BATCH-002500,2025-02-21,North,Partner,Home,1934,22,0
BATCH-002526,2025-02-21,East,Retail,Home,4662,46,2
BATCH-002897,2025-02-21,East,Web,Beverages,4648,180,6
BATCH-003192,2025-02-21,West,Mobile,Personal Care,10458,192,10
BATCH-003339,2025-02-21,North,Web,Home,4419,62,3
BATCH-003400,2025-02-21,North,Mobile,Home,7122,85,4
BATCH-003555,2025-02-21,South,Mobile,Beverages,3058,105,3
BATCH-003778,2025-02-21,South,Mobile,Pet Care,3440,53,1
BATCH-004124,2025-02-21,North,Retail,Home,11505,162,7
BATCH-004657,2025-02-21,South,Web,Grocery,2959,66,1
BATCH-004671,2025-02-21,East,Mobile,Grocery,7134,164,4
BATCH-005000,2025-02-21,North,Mobile,Grocery,915,21,1
BATCH-002181,2025-02-22,West,Partner,Beverages,960,41,2
BATCH-002971,2025-02-22,North,Partner,Grocery,4834,99,4
BATCH-003155,2025-02-22,East,Retail,Personal Care,2365,50,1
BATCH-003162,2025-02-22,East,Web,Pet Care,1822,25,1
BATCH-003488,2025-02-22,West,Mobile,Beverages,4695,175,8
BATCH-003725,2025-02-22,West,Mobile,Pet Care,14162,193,9
BATCH-004366,2025-02-22,South,Web,Personal Care,6872,123,5
BATCH-004677,2025-02-22,West,Retail,Personal Care,6816,155,5
BATCH-004841,2025-02-22,North,Web,Pet Care,2998,41,2
BATCH-000281,2025-02-23,West,Partner,Beverages,3556,133,7
BATCH-001048,2025-02-23,East,Web,Beverages,968,33,1
BATCH-001372,2025-02-23,West,Retail,Grocery,5149,120,7
BATCH-001797,2025-02-23,East,Web,Home,6581,70,3
BATCH-001821,2025-02-23,South,Retail,Personal Care,4606,78,3
BATCH-002140,2025-02-23,East,Web,Pet Care,2330,41,2
BATCH-002259,2025-02-23,West,Partner,Home,2122,23,1
BATCH-003442,2025-02-23,East,Mobile,Personal Care,2725,51,3
BATCH-003863,2025-02-23,South,Partner,Pet Care,11047,155,5
BATCH-004164,2025-02-23,North,Web,Personal Care,10119,173,4
BATCH-004451,2025-02-23,East,Retail,Personal Care,998,22,1
BATCH-004642,2025-02-23,East,Retail,Home,16962,196,3
BATCH-004877,2025-02-23,South,Mobile,Beverages,4259,143,6
BATCH-000015,2025-02-24,East,Web,Personal Care,9491,169,6
BATCH-000550,2025-02-24,West,Partner,Beverages,4208,165,9
BATCH-000758,2025-02-24,West,Retail,Beverages,4764,195,3
BATCH-000902,2025-02-24,North,Mobile,Beverages,4876,178,4
BATCH-001481,2025-02-24,West,Retail,Pet Care,8652,157,4
BATCH-002011,2025-02-24,South,Web,Home,13070,168,9
BATCH-002032,2025-02-24,South,Retail,Pet Care,6007,114,6
BATCH-002125,2025-02-24,South,Retail,Home,8676,122,6
BATCH-002863,2025-02-24,West,Partner,Personal Care,5004,107,2
BATCH-003711,2025-02-24,South,Web,Personal Care,1899,35,2
BATCH-003797,2025-02-24,North,Mobile,Grocery,6622,149,5
BATCH-004719,2025-02-24,South,Mobile,Personal Care,7357,133,6
BATCH-004985,2025-02-24,East,Mobile,Personal Care,5441,99,4
BATCH-000841,2025-02-25,East,Retail,Home,12010,119,5
BATCH-001147,2025-02-25,West,Mobile,Grocery,3281,86,5
BATCH-001286,2025-02-25,South,Mobile,Home,11097,145,7
BATCH-001385,2025-02-25,South,Web,Beverages,2149,74,4
BATCH-001578,2025-02-25,South,Web,Beverages,2649,94,5
BATCH-001936,2025-02-25,South,Retail,Beverages,4427,151,8
BATCH-002165,2025-02-25,South,Web,Beverages,673,21,1
BATCH-002320,2025-02-25,East,Web,Beverages,5163,174,7
BATCH-003312,2025-02-25,East,Retail,Personal Care,2882,57,1
BATCH-003480,2025-02-25,East,Web,Home,7284,101,5
BATCH-003577,2025-02-25,North,Retail,Pet Care,10525,165,7
BATCH-004257,2025-02-25,West,Partner,Grocery,8861,199,9
BATCH-004746,2025-02-25,South,Retail,Grocery,4632,105,5
BATCH-004782,2025-02-25,South,Partner,Pet Care,4069,74,2
BATCH-004817,2025-02-25,West,Web,Grocery,2832,71,2
BATCH-000140,2025-02-26,West,Web,Beverages,3583,154,10
BATCH-000707,2025-02-26,North,Web,Pet Care,4963,94,3
BATCH-000946,2025-02-26,North,Mobile,Beverages,706,27,1
BATCH-001419,2025-02-26,West,Web,Grocery,6540,169,8
BATCH-002421,2025-02-26,West,Partner,Beverages,3916,144,7
BATCH-002522,2025-02-26,East,Partner,Pet Care,9508,142,3
BATCH-003548,2025-02-26,East,Partner,Grocery,3922,79,1
BATCH-003914,2025-02-26,South,Retail,Home,2706,31,1
BATCH-004315,2025-02-26,South,Partner,Grocery,5166,118,5
BATCH-000041,2025-02-27,East,Mobile,Pet Care,1937,33,1
BATCH-000087,2025-02-27,West,Partner,Grocery,2193,59,1
BATCH-000312,2025-02-27,West,Retail,Home,13840,160,8
BATCH-000541,2025-02-27,South,Mobile,Personal Care,8105,182,11
BATCH-000843,2025-02-27,East,Web,Pet Care,10039,137,5
BATCH-000869,2025-02-27,North,Mobile,Home,14182,176,8
BATCH-001395,2025-02-27,South,Mobile,Grocery,6131,140,6
BATCH-001519,2025-02-27,East,Web,Personal Care,1628,31,1
BATCH-001705,2025-02-27,West,Web,Personal Care,9763,188,7
BATCH-002161,2025-02-27,North,Retail,Personal Care,6459,118,3
BATCH-002326,2025-02-27,West,Partner,Home,7909,100,4
BATCH-003458,2025-02-27,North,Partner,Home,11882,138,6
BATCH-003608,2025-02-27,East,Retail,Personal Care,4936,85,2
BATCH-003639,2025-02-27,North,Partner,Pet Care,8963,162,4
BATCH-003870,2025-02-27,West,Retail,Personal Care,7609,142,8
BATCH-003926,2025-02-27,East,Web,Pet Care,9640,184,4
BATCH-004241,2025-02-27,South,Mobile,Personal Care,6967,125,5
BATCH-004845,2025-02-27,East,Web,Beverages,1898,81,4
BATCH-004936,2025-02-27,West,Partner,Grocery,5997,160,3
BATCH-000122,2025-02-28,North,Partner,Home,19004,194,8
BATCH-000966,2025-02-28,South,Mobile,Personal Care,8695,163,8
BATCH-001593,2025-02-28,East,Partner,Pet Care,7629,120,2
BATCH-001700,2025-02-28,East,Web,Beverages,466,20,1
BATCH-001809,2025-02-28,East,Retail,Pet Care,5599,81,4
BATCH-002111,2025-02-28,East,Retail,Home,3297,38,1
BATCH-002214,2025-02-28,South,Partner,Beverages,3970,164,3
BATCH-002439,2025-02-28,West,Mobile,Pet Care,9654,174,10
BATCH-002920,2025-02-28,East,Web,Beverages,3257,106,3
BATCH-003305,2025-02-28,North,Mobile,Pet Care,3620,62,4
BATCH-003525,2025-02-28,North,Web,Beverages,4977,165,10
BATCH-003612,2025-02-28,East,Web,Pet Care,12852,187,10
BATCH-004992,2025-02-28,North,Mobile,Grocery,4803,117,4
BATCH-000388,2025-03-01,West,Partner,Personal Care,1042,21,1
BATCH-000820,2025-03-01,North,Partner,Pet Care,8132,131,3
BATCH-000972,2025-03-01,East,Retail,Personal Care,3271,68,1
BATCH-004214,2025-03-01,North,Retail,Personal Care,8010,165,4
BATCH-004337,2025-03-01,South,Partner,Grocery,3502,70,2
BATCH-004752,2025-03-01,West,Partner,Grocery,1310,30,1
BATCH-000850,2025-03-02,North,Partner,Home,7817,97,3
BATCH-001266,2025-03-02,South,Web,Pet Care,3938,62,1
BATCH-001441,2025-03-02,South,Mobile,Home,5654,74,5
BATCH-001699,2025-03-02,South,Mobile,Beverages,5134,195,5
BATCH-001796,2025-03-02,West,Web,Personal Care,10892,196,13
BATCH-002581,2025-03-02,West,Web,Beverages,3071,131,6
BATCH-002699,2025-03-02,South,Partner,Home,11902,162,5
BATCH-003168,2025-03-02,West,Mobile,Beverages,3643,146,6
BATCH-003180,2025-03-02,South,Web,Personal Care,4861,83,5
BATCH-003369,2025-03-02,East,Mobile,Home,6682,84,3
BATCH-003733,2025-03-02,West,Partner,Grocery,9059,175,7
BATCH-004079,2025-03-02,West,Retail,Home,12868,140,6
BATCH-004131,2025-03-02,East,Retail,Personal Care,4564,81,3
BATCH-000130,2025-03-03,South,Mobile,Personal Care,9722,187,9
BATCH-000280,2025-03-03,East,Retail,Beverages,3575,119,2
BATCH-001344,2025-03-03,West,Mobile,Grocery,5480,106,5
BATCH-002241,2025-03-03,South,Web,Grocery,5338,123,8
BATCH-002825,2025-03-03,West,Mobile,Personal Care,6995,128,3
BATCH-004072,2025-03-03,South,Partner,Personal Care,4582,85,4
BATCH-004259,2025-03-03,South,Web,Home,9413,119,7
BATCH-004375,2025-03-03,East,Partner,Personal Care,4257,96,3
BATCH-004684,2025-03-03,West,Web,Home,7275,72,4
BATCH-000031,2025-03-04,South,Partner,Beverages,4505,149,7
BATCH-000627,2025-03-04,North,Partner,Home,8745,92,2
BATCH-001265,2025-03-04,North,Partner,Home,11267,117,6
BATCH-001521,2025-03-04,South,Retail,Pet Care,7436,130,4
BATCH-001713,2025-03-04,East,Web,Beverages,3720,148,4
BATCH-002072,2025-03-04,South,Web,Beverages,5345,169,7
BATCH-002108,2025-03-04,East,Partner,Personal Care,2658,49,1
BATCH-002329,2025-03-04,West,Web,Grocery,4510,125,3
BATCH-003340,2025-03-04,South,Web,Home,5744,60,4
BATCH-003410,2025-03-04,East,Mobile,Beverages,4660,177,6
BATCH-003556,2025-03-04,North,Web,Pet Care,7346,109,6
BATCH-003857,2025-03-04,South,Partner,Personal Care,2967,62,1
BATCH-004448,2025-03-04,East,Partner,Beverages,5150,179,9
BATCH-004521,2025-03-04,South,Mobile,Home,15163,175,10
BATCH-004536,2025-03-04,East,Web,Home,2945,31,2
BATCH-004824,2025-03-04,East,Partner,Grocery,4367,101,5
BATCH-000210,2025-03-05,East,Partner,Grocery,1908,38,2
BATCH-000293,2025-03-05,West,Web,Pet Care,9193,127,7
BATCH-000504,2025-03-05,East,Web,Home,13245,133,9
BATCH-001306,2025-03-05,West,Retail,Grocery,6321,132,3
BATCH-001454,2025-03-05,South,Retail,Grocery,3317,69,3
BATCH-001988,2025-03-05,East,Web,Pet Care,6411,110,4
BATCH-002195,2025-03-05,South,Partner,Grocery,4536,100,3
BATCH-003096,2025-03-05,West,Mobile,Home,8332,108,5
BATCH-003642,2025-03-05,East,Partner,Home,18719,199,9
BATCH-000136,2025-03-06,West,Retail,Pet Care,2224,32,1
BATCH-000523,2025-03-06,West,Retail,Beverages,3487,121,6
BATCH-000642,2025-03-06,East,Web,Grocery,7712,189,5
BATCH-001472,2025-03-06,South,Retail,Personal Care,2120,35,1
BATCH-001479,2025-03-06,North,Partner,Beverages,4160,169,6
BATCH-001483,2025-03-06,East,Web,Home,10546,142,8
BATCH-002244,2025-03-06,South,Partner,Home,12078,150,8
BATCH-002739,2025-03-06,West,Web,Beverages,4474,142,9
BATCH-002967,2025-03-06,South,Mobile,Home,15361,183,6
BATCH-002995,2025-03-06,East,Web,Grocery,1982,48,1
BATCH-003126,2025-03-06,East,Partner,Pet Care,12063,175,9
BATCH-003269,2025-03-06,South,Partner,Home,10610,124,5
BATCH-003601,2025-03-06,West,Web,Grocery,1292,27,2
BATCH-003643,2025-03-06,East,Retail,Personal Care,2741,60,1
BATCH-004945,2025-03-06,West,Mobile,Personal Care,9106,199,12
BATCH-000625,2025-03-07,West,Retail,Grocery,1094,26,1
BATCH-001046,2025-03-07,East,Partner,Pet Care,8193,139,5
BATCH-001171,2025-03-07,East,Partner,Grocery,3540,77,3
BATCH-001922,2025-03-07,North,Retail,Grocery,6038,125,5
BATCH-003103,2025-03-07,West,Mobile,Grocery,1363,34,2
BATCH-003282,2025-03-07,West,Partner,Pet Care,3896,57,2
BATCH-003338,2025-03-07,West,Mobile,Pet Care,2911,53,2
BATCH-003359,2025-03-07,South,Retail,Grocery,4486,117,4
BATCH-004528,2025-03-07,East,Web,Home,5183,54,2
BATCH-004775,2025-03-07,North,Partner,Grocery,5477,116,5
BATCH-000183,2025-03-08,North,Mobile,Pet Care,3963,76,2
BATCH-000335,2025-03-08,North,Retail,Pet Care,1557,24,1
BATCH-000569,2025-03-08,South,Partner,Grocery,4301,91,4
BATCH-000852,2025-03-08,North,Web,Personal Care,8504,197,12
BATCH-002030,2025-03-08,South,Partner,Home,13730,184,6
BATCH-002531,2025-03-08,North,Mobile,Personal Care,7535,142,7
BATCH-002777,2025-03-08,South,Web,Home,2284,26,2
BATCH-004012,2025-03-08,South,Retail,Pet Care,8162,122,6
BATCH-004532,2025-03-08,West,Mobile,Beverages,1980,64,2
BATCH-004580,2025-03-08,West,Retail,Personal Care,4516,93,3
BATCH-004696,2025-03-08,North,Mobile,Beverages,4676,163,7
BATCH-000061,2025-03-09,East,Web,Home,7421,89,3
BATCH-000289,2025-03-09,South,Partner,Personal Care,2829,61,2
BATCH-000383,2025-03-09,West,Partner,Beverages,4657,184,4
BATCH-000409,2025-03-09,West,Retail,Beverages,2365,88,2
BATCH-000836,2025-03-09,West,Mobile,Personal Care,5405,116,4
BATCH-001077,2025-03-09,South,Web,Personal Care,6909,122,8
BATCH-001241,2025-03-09,East,Partner,Home,2430,29,2
BATCH-001288,2025-03-09,East,Retail,Personal Care,1117,21,1
BATCH-001427,2025-03-09,North,Mobile,Personal Care,5266,98,4
BATCH-001572,2025-03-09,East,Mobile,Home,5293,62,4
BATCH-002219,2025-03-09,West,Mobile,Personal Care,9311,175,10
BATCH-002685,2025-03-09,West,Partner,Home,12626,153,2
BATCH-002791,2025-03-09,South,Mobile,Beverages,2302,85,4
BATCH-002857,2025-03-09,East,Web,Grocery,4418,96,5
BATCH-003365,2025-03-09,North,Mobile,Personal Care,5763,107,6
BATCH-003739,2025-03-09,East,Mobile,Beverages,4251,172,4
BATCH-003831,2025-03-09,West,Retail,Home,1907,20,1
BATCH-004444,2025-03-09,South,Partner,Home,4490,57,1
BATCH-004823,2025-03-09,West,Mobile,Beverages,2674,85,3
BATCH-000078,2025-03-10,East,Retail,Grocery,1761,35,1
BATCH-000366,2025-03-10,West,Web,Grocery,5641,118,5
BATCH-000646,2025-03-10,West,Mobile,Beverages,4152,148,10
BATCH-000797,2025-03-10,South,Retail,Pet Care,7991,152,5
BATCH-001452,2025-03-10,South,Partner,Personal Care,8484,144,3
BATCH-001738,2025-03-10,South,Mobile,Pet Care,3905,63,3
BATCH-002340,2025-03-10,East,Retail,Beverages,1937,78,3
BATCH-002537,2025-03-10,South,Web,Grocery,4829,114,3
BATCH-002594,2025-03-10,East,Partner,Pet Care,7801,120,2
BATCH-002637,2025-03-10,North,Retail,Grocery,5920,124,6
BATCH-002860,2025-03-10,North,Web,Beverages,3032,100,5
BATCH-003017,2025-03-10,East,Mobile,Beverages,4858,192,10
BATCH-000248,2025-03-11,West,Mobile,Grocery,1708,34,1
BATCH-001465,2025-03-11,North,Mobile,Home,11869,127,6
BATCH-001715,2025-03-11,South,Retail,Grocery,4396,90,4
BATCH-002868,2025-03-11,South,Retail,Grocery,2184,44,2
BATCH-003363,2025-03-11,South,Web,Home,13294,139,5
BATCH-003748,2025-03-11,South,Web,Home,5516,68,2
BATCH-004083,2025-03-11,North,Mobile,Grocery,1006,27,1
BATCH-004728,2025-03-11,West,Web,Home,1974,21,1
BATCH-004880,2025-03-11,South,Retail,Home,3819,43,2
BATCH-001448,2025-03-12,South,Mobile,Grocery,6549,133,6
BATCH-001706,2025-03-12,South,Partner,Pet Care,5013,78,4
BATCH-002243,2025-03-12,South,Web,Home,7747,89,3
BATCH-003233,2025-03-12,West,Mobile,Personal Care,6009,133,5
BATCH-003303,2025-03-12,West,Web,Beverages,4321,147,7
BATCH-004395,2025-03-12,West,Web,Pet Care,10459,175,7
BATCH-004870,2025-03-12,North,Partner,Beverages,3430,144,3
BATCH-000856,2025-03-13,North,Retail,Grocery,1175,28,1
BATCH-001036,2025-03-13,East,Web,Personal Care,3743,82,4
BATCH-001138,2025-03-13,North,Partner,Grocery,3004,73,2
BATCH-001517,2025-03-13,North,Web,Pet Care,7350,99,4
BATCH-001856,2025-03-13,North,Mobile,Pet Care,9814,166,9
BATCH-002824,2025-03-13,South,Web,Grocery,1511,40,3
BATCH-002856,2025-03-13,East,Retail,Pet Care,8425,158,3
BATCH-003323,2025-03-13,North,Mobile,Beverages,1380,49,3
BATCH-003789,2025-03-13,East,Partner,Home,17823,187,9
BATCH-003792,2025-03-13,South,Retail,Grocery,3746,81,4
BATCH-003998,2025-03-13,North,Retail,Beverages,2985,101,4
BATCH-004160,2025-03-13,North,Partner,Home,8067,106,3
BATCH-004422,2025-03-13,West,Web,Home,9585,114,3
BATCH-004679,2025-03-13,South,Web,Home,5057,70,4
BATCH-004927,2025-03-13,East,Web,Pet Care,1183,20,1
BATCH-000993,2025-03-14,East,Mobile,Pet Care,8951,135,4
BATCH-001160,2025-03-14,North,Mobile,Grocery,6126,162,8
BATCH-001986,2025-03-14,South,Partner,Home,8179,115,3
BATCH-002023,2025-03-14,North,Retail,Beverages,3287,113,2
BATCH-002274,2025-03-14,South,Mobile,Home,2325,32,1
BATCH-002843,2025-03-14,North,Retail,Grocery,830,21,1
BATCH-004149,2025-03-14,North,Partner,Personal Care,9127,154,5
BATCH-004635,2025-03-14,North,Mobile,Home,9892,131,5
BATCH-000176,2025-03-15,North,Partner,Pet Care,11540,165,8
BATCH-000453,2025-03-15,North,Partner,Personal Care,3141,62,3
BATCH-000489,2025-03-15,South,Retail,Beverages,2336,73,3
BATCH-000679,2025-03-15,North,Mobile,Personal Care,3644,60,3
BATCH-001318,2025-03-15,South,Retail,Beverages,3621,157,7
BATCH-001597,2025-03-15,East,Web,Grocery,1470,40,1
BATCH-002083,2025-03-15,East,Mobile,Grocery,4706,110,6
BATCH-002904,2025-03-15,North,Web,Personal Care,7697,151,5
BATCH-003179,2025-03-15,West,Web,Grocery,2413,57,3
BATCH-003815,2025-03-15,East,Retail,Beverages,2136,82,2
BATCH-003867,2025-03-15,North,Retail,Beverages,4316,158,5
BATCH-003880,2025-03-15,East,Mobile,Personal Care,1846,37,2
BATCH-004816,2025-03-15,North,Web,Beverages,4345,169,10
BATCH-000496,2025-03-16,North,Web,Pet Care,10801,199,13
BATCH-000600,2025-03-16,East,Retail,Grocery,4622,120,7
BATCH-000601,2025-03-16,North,Retail,Home,6094,77,2
BATCH-001642,2025-03-16,East,Web,Personal Care,5723,94,3
BATCH-002364,2025-03-16,West,Partner,Home,3465,36,1
BATCH-002665,2025-03-16,West,Mobile,Beverages,3244,113,7
BATCH-002958,2025-03-16,South,Mobile,Personal Care,2626,52,3
BATCH-004221,2025-03-16,South,Mobile,Home,12088,133,7
BATCH-004400,2025-03-16,South,Retail,Personal Care,8492,141,5
BATCH-000563,2025-03-17,North,Partner,Beverages,1268,47,2
BATCH-000598,2025-03-17,East,Web,Beverages,3716,149,3
BATCH-001008,2025-03-17,South,Mobile,Grocery,2472,62,2
BATCH-001501,2025-03-17,East,Partner,Pet Care,12271,176,3
BATCH-002054,2025-03-17,South,Mobile,Home,6067,80,5
BATCH-002234,2025-03-17,North,Web,Pet Care,7050,124,3
BATCH-003683,2025-03-17,West,Web,Pet Care,12191,193,6
BATCH-003983,2025-03-17,West,Web,Home,11288,134,5
BATCH-004754,2025-03-17,East,Retail,Personal Care,1888,33,1
BATCH-004852,2025-03-17,South,Web,Pet Care,6811,100,5
BATCH-000477,2025-03-18,North,Mobile,Grocery,4777,129,6
BATCH-000832,2025-03-18,West,Partner,Personal Care,3092,72,2
BATCH-000928,2025-03-18,East,Web,Grocery,3169,76,5
BATCH-001101,2025-03-18,East,Retail,Beverages,4664,167,2
BATCH-001455,2025-03-18,South,Web,Grocery,1326,31,1
BATCH-001486,2025-03-18,South,Mobile,Personal Care,2726,51,2
BATCH-001591,2025-03-18,West,Partner,Grocery,8402,174,9
BATCH-001716,2025-03-18,West,Mobile,Beverages,3782,147,6
BATCH-001777,2025-03-18,West,Retail,Beverages,4017,156,5
BATCH-001838,2025-03-18,North,Mobile,Home,14556,175,7
BATCH-001871,2025-03-18,South,Retail,Grocery,2444,54,2
BATCH-002058,2025-03-18,East,Mobile,Pet Care,4490,73,4
BATCH-002286,2025-03-18,South,Retail,Personal Care,9253,190,8
BATCH-003302,2025-03-18,West,Web,Personal Care,3342,77,3
BATCH-003855,2025-03-18,West,Retail,Home,14883,189,4
BATCH-004191,2025-03-18,North,Partner,Grocery,5403,147,5
BATCH-000417,2025-03-19,West,Partner,Pet Care,2636,36,2
BATCH-000717,2025-03-19,East,Mobile,Home,6183,79,5
BATCH-000784,2025-03-19,South,Mobile,Beverages,5532,176,10
BATCH-001540,2025-03-19,North,Web,Personal Care,6329,131,6
BATCH-001582,2025-03-19,South,Partner,Personal Care,5278,88,4
BATCH-001832,2025-03-19,North,Web,Home,9001,118,4
BATCH-002087,2025-03-19,South,Web,Grocery,5497,143,9
BATCH-002118,2025-03-19,South,Retail,Home,7634,80,2
BATCH-002138,2025-03-19,East,Web,Home,8667,119,3
BATCH-002153,2025-03-19,East,Retail,Personal Care,9047,152,8
BATCH-002932,2025-03-19,West,Web,Grocery,6431,139,8
BATCH-003676,2025-03-19,West,Mobile,Beverages,1964,64,2
BATCH-003700,2025-03-19,East,Mobile,Pet Care,10023,154,5
BATCH-003828,2025-03-19,North,Retail,Pet Care,13503,186,9
BATCH-004029,2025-03-19,East,Mobile,Personal Care,3468,63,2
BATCH-000182,2025-03-20,North,Partner,Home,9967,113,6
BATCH-000202,2025-03-20,South,Retail,Home,11520,125,3
BATCH-001866,2025-03-20,East,Mobile,Grocery,9922,199,12
BATCH-002361,2025-03-20,East,Mobile,Home,9559,118,7
BATCH-002561,2025-03-20,East,Partner,Home,10573,105,2
BATCH-002983,2025-03-20,South,Mobile,Home,2498,30,2
BATCH-003209,2025-03-20,West,Retail,Beverages,4447,146,8
BATCH-003431,2025-03-20,South,Mobile,Beverages,4762,194,8
BATCH-003465,2025-03-20,South,Mobile,Pet Care,1883,36,1
BATCH-003620,2025-03-20,North,Web,Beverages,1615,55,3
BATCH-004234,2025-03-20,East,Web,Grocery,6805,155,4
BATCH-004378,2025-03-20,North,Retail,Pet Care,4710,67,2
BATCH-000568,2025-03-21,West,Retail,Pet Care,9140,140,6
BATCH-001740,2025-03-21,South,Partner,Grocery,5018,100,4
BATCH-002139,2025-03-21,West,Partner,Pet Care,4962,79,2
BATCH-002347,2025-03-21,North,Web,Grocery,5828,127,4
BATCH-003067,2025-03-21,South,Web,Grocery,9882,200,8
BATCH-004219,2025-03-21,West,Retail,Pet Care,7700,122,6
BATCH-000261,2025-03-22,West,Partner,Pet Care,9685,177,10
BATCH-000350,2025-03-22,West,Mobile,Home,3817,44,1
BATCH-001052,2025-03-22,North,Mobile,Personal Care,6380,104,6
BATCH-001170,2025-03-22,West,Retail,Grocery,4481,104,4
BATCH-001487,2025-03-22,South,Retail,Grocery,8446,176,6
BATCH-001819,2025-03-22,North,Partner,Personal Care,8353,156,6
BATCH-002760,2025-03-22,West,Retail,Pet Care,4030,63,1
BATCH-002799,2025-03-22,South,Partner,Personal Care,11679,194,6
BATCH-002976,2025-03-22,South,Retail,Pet Care,7025,131,3
BATCH-003641,2025-03-22,East,Partner,Home,16265,175,4
BATCH-003793,2025-03-22,North,Partner,Pet Care,9081,135,6
BATCH-003812,2025-03-22,West,Retail,Pet Care,6184,99,1
BATCH-003974,2025-03-22,South,Web,Pet Care,5735,100,3
BATCH-004179,2025-03-22,North,Retail,Beverages,5367,178,4
BATCH-004561,2025-03-22,East,Retail,Home,9001,114,2
BATCH-004776,2025-03-22,South,Mobile,Beverages,2614,110,5
BATCH-004894,2025-03-22,East,Retail,Grocery,8530,165,5
BATCH-000124,2025-03-23,South,Mobile,Home,7233,88,3
BATCH-000231,2025-03-23,North,Web,Home,18903,197,13
BATCH-000460,2025-03-23,East,Partner,Beverages,942,33,1
BATCH-000528,2025-03-23,South,Mobile,Beverages,4804,179,10
BATCH-001884,2025-03-23,South,Web,Beverages,3350,139,8
BATCH-002025,2025-03-23,East,Mobile,Pet Care,11806,172,9
BATCH-002198,2025-03-23,North,Web,Home,7998,99,3
BATCH-002271,2025-03-23,South,Partner,Grocery,4144,87,3
BATCH-003020,2025-03-23,West,Partner,Pet Care,2440,36,1
BATCH-003184,2025-03-23,West,Partner,Beverages,2313,93,2
BATCH-003377,2025-03-23,North,Web,Beverages,1157,36,1
BATCH-004169,2025-03-23,East,Mobile,Pet Care,4247,69,2
BATCH-004686,2025-03-23,East,Web,Grocery,2443,58,2
BATCH-004766,2025-03-23,North,Mobile,Grocery,1328,34,1
BATCH-000301,2025-03-24,East,Web,Home,5184,73,4
BATCH-000421,2025-03-24,North,Partner,Pet Care,4590,76,1
BATCH-000590,2025-03-24,North,Partner,Personal Care,9429,189,7
BATCH-000599,2025-03-24,South,Web,Home,8428,85,6
BATCH-000821,2025-03-24,North,Partner,Home,7719,105,3
BATCH-001248,2025-03-24,North,Partner,Beverages,3265,140,8
BATCH-002356,2025-03-24,North,Retail,Beverages,3882,126,6
BATCH-002362,2025-03-24,South,Partner,Pet Care,4937,89,2
BATCH-003923,2025-03-24,South,Partner,Beverages,3853,153,3
BATCH-004533,2025-03-24,South,Retail,Pet Care,9305,152,5
BATCH-000433,2025-03-25,South,Web,Grocery,2486,63,1
BATCH-001066,2025-03-25,South,Retail,Pet Care,11822,163,7
BATCH-001301,2025-03-25,West,Partner,Home,8912,114,4
BATCH-001573,2025-03-25,East,Web,Beverages,2694,109,7
BATCH-001696,2025-03-25,South,Partner,Grocery,8142,159,5
BATCH-001767,2025-03-25,East,Partner,Beverages,3454,147,2
BATCH-001814,2025-03-25,North,Retail,Personal Care,5801,119,6
BATCH-001937,2025-03-25,East,Web,Home,7895,78,5
BATCH-002194,2025-03-25,North,Retail,Beverages,1663,53,3
BATCH-002218,2025-03-25,West,Retail,Beverages,1874,64,1
BATCH-002903,2025-03-25,West,Web,Pet Care,11326,165,7
BATCH-003136,2025-03-25,South,Retail,Beverages,4773,197,6
BATCH-003542,2025-03-25,South,Retail,Pet Care,5024,88,2
BATCH-004371,2025-03-25,North,Retail,Beverages,3650,111,4
BATCH-004820,2025-03-25,North,Partner,Home,10570,110,4
BATCH-000088,2025-03-26,South,Web,Pet Care,2427,34,2
BATCH-000305,2025-03-26,South,Mobile,Home,10622,129,3
BATCH-001851,2025-03-26,East,Mobile,Home,4656,51,2
BATCH-002095,2025-03-26,West,Partner,Home,5356,55,2
BATCH-002639,2025-03-26,North,Partner,Grocery,2380,58,1
BATCH-002713,2025-03-26,South,Mobile,Home,8330,99,4
BATCH-002730,2025-03-26,South,Retail,Personal Care,9135,175,8
BATCH-002951,2025-03-26,East,Web,Pet Care,3627,50,3
BATCH-003008,2025-03-26,East,Mobile,Pet Care,13781,197,5
BATCH-003449,2025-03-26,North,Mobile,Personal Care,4650,102,5
BATCH-000447,2025-03-27,West,Web,Beverages,1923,71,2
BATCH-002597,2025-03-27,East,Mobile,Beverages,3762,152,7
BATCH-002677,2025-03-27,South,Partner,Beverages,5424,184,6
BATCH-002723,2025-03-27,East,Web,Home,4346,57,2
BATCH-003112,2025-03-27,West,Partner,Home,2374,25,1
BATCH-003115,2025-03-27,North,Partner,Grocery,1993,46,1
BATCH-003362,2025-03-27,West,Partner,Grocery,4187,81,1
BATCH-003543,2025-03-27,East,Retail,Pet Care,4938,91,4
BATCH-003918,2025-03-27,West,Web,Pet Care,4313,77,2
BATCH-004497,2025-03-27,South,Web,Personal Care,5419,104,5
BATCH-004810,2025-03-27,West,Web,Home,10975,131,5
BATCH-004865,2025-03-27,East,Retail,Home,8214,90,4
BATCH-004938,2025-03-27,South,Partner,Beverages,4329,133,7
BATCH-000484,2025-03-28,North,Web,Beverages,3836,127,3
BATCH-000689,2025-03-28,East,Web,Home,10715,137,9
BATCH-001727,2025-03-28,West,Mobile,Beverages,2562,80,4
BATCH-001983,2025-03-28,East,Retail,Personal Care,7105,145,7
BATCH-002416,2025-03-28,North,Retail,Pet Care,10180,187,10
BATCH-002603,2025-03-28,North,Partner,Grocery,1250,27,1
BATCH-003163,2025-03-28,North,Retail,Pet Care,2895,50,2
BATCH-003335,2025-03-28,East,Partner,Beverages,1424,55,1
BATCH-003477,2025-03-28,North,Web,Beverages,2693,92,2
BATCH-003547,2025-03-28,North,Mobile,Grocery,6687,168,8
BATCH-004777,2025-03-28,West,Mobile,Beverages,605,22,1
BATCH-000290,2025-03-29,North,Mobile,Beverages,5398,185,9
BATCH-000480,2025-03-29,North,Partner,Home,17701,198,5
BATCH-000666,2025-03-29,East,Mobile,Beverages,2128,92,3
BATCH-000933,2025-03-29,North,Web,Personal Care,3486,80,3
BATCH-001717,2025-03-29,West,Retail,Beverages,1935,77,2
BATCH-001840,2025-03-29,East,Mobile,Beverages,2279,70,3
BATCH-002344,2025-03-29,West,Retail,Grocery,8355,181,4
BATCH-002907,2025-03-29,West,Mobile,Pet Care,3860,72,3
BATCH-003399,2025-03-29,East,Partner,Personal Care,5624,106,5
BATCH-003615,2025-03-29,South,Partner,Home,18963,191,5
BATCH-004000,2025-03-29,West,Mobile,Pet Care,4622,86,3
BATCH-004129,2025-03-29,West,Web,Beverages,1393,46,2
BATCH-004744,2025-03-29,North,Web,Beverages,2747,92,5
BATCH-004867,2025-03-29,West,Mobile,Home,12900,134,8
BATCH-004900,2025-03-29,West,Retail,Personal Care,3240,55,3
BATCH-004916,2025-03-29,West,Partner,Beverages,1715,71,1
BATCH-000198,2025-03-30,North,Partner,Personal Care,4171,74,4
BATCH-000224,2025-03-30,South,Web,Beverages,4348,183,7
BATCH-000368,2025-03-30,South,Mobile,Beverages,5395,171,8
BATCH-000394,2025-03-30,East,Web,Personal Care,12160,199,9
BATCH-000577,2025-03-30,South,Mobile,Pet Care,2190,31,1
BATCH-000756,2025-03-30,West,Retail,Personal Care,2028,34,1
BATCH-000898,2025-03-30,West,Web,Grocery,6312,142,4
BATCH-001357,2025-03-30,West,Web,Grocery,2395,57,3
BATCH-002598,2025-03-30,North,Retail,Home,4681,58,1
BATCH-002735,2025-03-30,East,Retail,Home,7548,76,1
BATCH-002752,2025-03-30,West,Web,Beverages,1223,51,1
BATCH-003761,2025-03-30,South,Web,Grocery,3110,85,4
BATCH-004268,2025-03-30,North,Web,Pet Care,9697,134,7
BATCH-004879,2025-03-30,West,Web,Pet Care,1326,20,1
BATCH-000602,2025-03-31,East,Retail,Pet Care,9712,153,7
BATCH-000604,2025-03-31,West,Mobile,Personal Care,2126,48,3
BATCH-000724,2025-03-31,East,Mobile,Beverages,1714,61,3
BATCH-000847,2025-03-31,West,Web,Pet Care,2179,40,1
BATCH-000895,2025-03-31,North,Retail,Grocery,6635,145,3
BATCH-002034,2025-03-31,East,Retail,Personal Care,5430,95,3
BATCH-002693,2025-03-31,West,Mobile,Grocery,2623,72,3
BATCH-002744,2025-03-31,East,Web,Pet Care,5433,88,4
BATCH-003002,2025-03-31,South,Web,Pet Care,8544,120,6
BATCH-003388,2025-03-31,East,Partner,Personal Care,3566,60,2
BATCH-003719,2025-03-31,South,Partner,Home,6888,81,2
BATCH-003869,2025-03-31,East,Partner,Personal Care,4374,80,5
BATCH-004291,2025-03-31,East,Web,Beverages,2046,77,2
BATCH-004858,2025-03-31,West,Mobile,Beverages,3141,135,7
BATCH-004910,2025-03-31,North,Web,Beverages,3423,135,7
BATCH-001662,2025-04-01,South,Partner,Beverages,4607,191,8
BATCH-001972,2025-04-01,South,Mobile,Home,7659,76,2
BATCH-002115,2025-04-01,West,Partner,Home,3730,37,1
BATCH-002191,2025-04-01,East,Web,Grocery,1692,34,1
BATCH-002615,2025-04-01,South,Mobile,Grocery,5889,133,6
BATCH-003202,2025-04-01,West,Mobile,Pet Care,13292,194,7
BATCH-003220,2025-04-01,West,Retail,Beverages,1856,57,2
BATCH-003404,2025-04-01,North,Mobile,Pet Care,1152,22,0
BATCH-003648,2025-04-01,North,Web,Grocery,1300,32,1
BATCH-003693,2025-04-01,East,Web,Personal Care,6686,138,7
BATCH-004352,2025-04-01,East,Web,Beverages,4904,169,7
BATCH-004505,2025-04-01,West,Web,Home,12612,165,11
BATCH-004551,2025-04-01,South,Mobile,Pet Care,12114,200,5
BATCH-004809,2025-04-01,East,Retail,Home,5253,72,3
BATCH-000194,2025-04-02,East,Web,Home,4144,58,1
BATCH-000651,2025-04-02,West,Partner,Personal Care,2365,44,2
BATCH-000674,2025-04-02,North,Retail,Grocery,2773,68,3
BATCH-000816,2025-04-02,South,Mobile,Grocery,6461,169,7
BATCH-001020,2025-04-02,West,Web,Home,9000,108,6
BATCH-001106,2025-04-02,West,Retail,Pet Care,5526,86,3
BATCH-001364,2025-04-02,South,Mobile,Grocery,2856,75,2
BATCH-001595,2025-04-02,North,Web,Home,10572,147,3
BATCH-002220,2025-04-02,North,Retail,Home,13388,137,3
BATCH-002279,2025-04-02,North,Partner,Grocery,3917,84,4
BATCH-002489,2025-04-02,West,Web,Beverages,877,30,1
BATCH-002554,2025-04-02,East,Mobile,Pet Care,4489,85,3
BATCH-002725,2025-04-02,East,Retail,Home,13951,151,6
BATCH-002766,2025-04-02,North,Partner,Beverages,4140,145,5
BATCH-002871,2025-04-02,East,Partner,Pet Care,7711,106,2
BATCH-003122,2025-04-02,East,Partner,Beverages,2172,75,1
BATCH-004439,2025-04-02,North,Partner,Home,8422,113,2
BATCH-004770,2025-04-02,North,Web,Personal Care,5804,111,4
BATCH-000076,2025-04-03,East,Mobile,Grocery,4939,123,3
BATCH-000163,2025-04-03,South,Retail,Personal Care,5296,103,4
BATCH-000364,2025-04-03,South,Web,Beverages,2865,102,6
BATCH-000682,2025-04-03,South,Web,Home,14703,199,8
BATCH-000964,2025-04-03,West,Mobile,Pet Care,7863,122,4
BATCH-002096,2025-04-03,West,Retail,Beverages,2547,96,2
BATCH-002104,2025-04-03,North,Retail,Grocery,8778,171,5
BATCH-002398,2025-04-03,East,Web,Pet Care,9367,168,11
BATCH-003622,2025-04-03,East,Web,Home,12220,143,4
BATCH-003655,2025-04-03,West,Web,Home,18593,184,11
BATCH-003840,2025-04-03,South,Mobile,Beverages,2182,67,4
BATCH-004082,2025-04-03,West,Web,Pet Care,10408,143,5
BATCH-004100,2025-04-03,North,Mobile,Pet Care,7030,113,5
BATCH-004324,2025-04-03,West,Mobile,Beverages,5474,167,6
BATCH-004369,2025-04-03,South,Mobile,Grocery,3812,99,3
BATCH-004736,2025-04-03,West,Partner,Beverages,4532,152,8
BATCH-004749,2025-04-03,South,Web,Beverages,4580,166,8
BATCH-000513,2025-04-04,East,Web,Beverages,5074,184,5
BATCH-001154,2025-04-04,West,Web,Beverages,1197,39,2
BATCH-001275,2025-04-04,South,Web,Home,3360,46,2
BATCH-001356,2025-04-04,South,Mobile,Pet Care,5411,98,6
BATCH-001579,2025-04-04,West,Retail,Pet Care,12602,188,8
BATCH-002947,2025-04-04,West,Web,Pet Care,5172,71,3
BATCH-003371,2025-04-04,North,Retail,Grocery,8380,185,5
BATCH-003532,2025-04-04,North,Web,Grocery,4797,95,2
BATCH-000340,2025-04-05,East,Retail,Pet Care,8981,145,8
BATCH-000561,2025-04-05,West,Web,Pet Care,6834,117,4
BATCH-000654,2025-04-05,North,Partner,Grocery,4049,88,2
BATCH-001377,2025-04-05,West,Mobile,Beverages,1094,43,1
BATCH-001478,2025-04-05,South,Partner,Grocery,5865,132,3
BATCH-002078,2025-04-05,North,Web,Grocery,1958,40,1
BATCH-003214,2025-04-05,South,Partner,Grocery,6827,187,7
BATCH-003286,2025-04-05,South,Mobile,Home,6789,68,3
BATCH-003341,2025-04-05,East,Partner,Home,3575,42,1
BATCH-003624,2025-04-05,South,Retail,Grocery,8576,172,5
BATCH-004006,2025-04-05,South,Web,Home,8115,95,2
BATCH-004094,2025-04-05,East,Mobile,Home,2520,33,2
BATCH-004567,2025-04-05,North,Mobile,Beverages,3818,162,5
BATCH-000234,2025-04-06,East,Web,Pet Care,6243,85,5
BATCH-001756,2025-04-06,South,Partner,Home,2267,26,1
BATCH-002415,2025-04-06,South,Retail,Personal Care,8280,153,6
BATCH-002551,2025-04-06,North,Mobile,Beverages,4152,169,5
BATCH-002838,2025-04-06,North,Retail,Home,14893,164,3
BATCH-003638,2025-04-06,South,Mobile,Personal Care,6030,103,3
BATCH-004003,2025-04-06,West,Retail,Beverages,1361,47,2
BATCH-004829,2025-04-06,North,Web,Pet Care,8647,126,6
BATCH-004948,2025-04-06,North,Web,Grocery,4557,122,6
BATCH-000017,2025-04-07,West,Mobile,Pet Care,3103,49,2
BATCH-000757,2025-04-07,West,Web,Home,12053,154,10
BATCH-001054,2025-04-07,South,Mobile,Grocery,1894,37,1
BATCH-001137,2025-04-07,East,Retail,Home,6866,83,3
BATCH-001169,2025-04-07,South,Retail,Personal Care,3582,71,1
BATCH-002550,2025-04-07,East,Web,Home,17437,188,10
BATCH-003012,2025-04-07,East,Web,Grocery,4132,90,3
BATCH-003580,2025-04-07,South,Mobile,Pet Care,2536,44,2
BATCH-003603,2025-04-07,West,Mobile,Home,10670,109,5
BATCH-000644,2025-04-08,West,Mobile,Beverages,2611,86,4
BATCH-000787,2025-04-08,East,Retail,Personal Care,2884,67,3
BATCH-000829,2025-04-08,South,Partner,Beverages,3212,121,4
BATCH-001005,2025-04-08,East,Partner,Pet Care,5678,93,1
BATCH-001030,2025-04-08,South,Retail,Grocery,3624,91,2
BATCH-001264,2025-04-08,East,Retail,Personal Care,4484,82,2
BATCH-001431,2025-04-08,East,Retail,Beverages,737,25,1
BATCH-001533,2025-04-08,South,Web,Beverages,1654,52,3
BATCH-002940,2025-04-08,West,Partner,Personal Care,2922,54,1
BATCH-002949,2025-04-08,West,Web,Personal Care,8202,184,7
BATCH-003397,2025-04-08,East,Mobile,Grocery,3479,95,6
BATCH-003602,2025-04-08,West,Mobile,Personal Care,8808,170,8
BATCH-003691,2025-04-08,East,Partner,Pet Care,3624,63,1
BATCH-004051,2025-04-08,West,Web,Home,16801,186,5
BATCH-004376,2025-04-08,West,Retail,Pet Care,3674,69,3
BATCH-004543,2025-04-08,East,Mobile,Grocery,2293,55,3
BATCH-000211,2025-04-09,South,Retail,Home,14110,147,7
BATCH-000442,2025-04-09,West,Web,Beverages,2869,109,6
BATCH-001105,2025-04-09,North,Partner,Grocery,3808,92,5
BATCH-001728,2025-04-09,North,Web,Home,6811,93,4
BATCH-001813,2025-04-09,West,Web,Grocery,6600,141,5
BATCH-001981,2025-04-09,North,Retail,Grocery,4970,136,3
BATCH-002092,2025-04-09,South,Mobile,Personal Care,3455,76,3
BATCH-003007,2025-04-09,East,Mobile,Grocery,4758,99,2
BATCH-003137,2025-04-09,South,Retail,Pet Care,9989,189,3
BATCH-004186,2025-04-09,West,Partner,Pet Care,2839,50,2
BATCH-004254,2025-04-09,East,Mobile,Pet Care,10459,196,6
BATCH-004298,2025-04-09,North,Retail,Pet Care,12261,193,5
BATCH-004799,2025-04-09,East,Web,Home,11268,113,7
BATCH-000080,2025-04-10,West,Partner,Personal Care,9401,182,9
BATCH-000164,2025-04-10,East,Web,Home,17516,177,4
BATCH-000263,2025-04-10,West,Mobile,Grocery,3084,64,2
BATCH-000594,2025-04-10,South,Mobile,Home,10209,124,5
BATCH-002327,2025-04-10,North,Mobile,Beverages,5014,194,8
BATCH-002575,2025-04-10,North,Partner,Beverages,4513,190,4
BATCH-002846,2025-04-10,North,Retail,Pet Care,7165,120,5
BATCH-002942,2025-04-10,West,Mobile,Home,2069,23,1
BATCH-003010,2025-04-10,South,Web,Home,7189,79,4
BATCH-003014,2025-04-10,North,Mobile,Beverages,4221,138,7
BATCH-003406,2025-04-10,North,Retail,Home,13193,182,5
BATCH-004589,2025-04-10,South,Mobile,Personal Care,11192,191,12
BATCH-004780,2025-04-10,East,Retail,Beverages,3141,119,4
BATCH-004967,2025-04-10,South,Retail,Beverages,822,27,1
BATCH-000110,2025-04-11,West,Mobile,Beverages,4948,161,4
BATCH-000142,2025-04-11,North,Retail,Personal Care,5522,95,4
BATCH-000348,2025-04-11,South,Retail,Personal Care,2077,47,1
BATCH-000854,2025-04-11,East,Mobile,Beverages,3196,120,3
BATCH-000973,2025-04-11,West,Web,Personal Care,6161,102,6
BATCH-001962,2025-04-11,East,Retail,Home,4112,58,3
BATCH-002016,2025-04-11,South,Retail,Home,3570,50,3
BATCH-002159,2025-04-11,South,Web,Beverages,5515,182,7
BATCH-002192,2025-04-11,West,Retail,Pet Care,9593,164,4
BATCH-002375,2025-04-11,East,Partner,Pet Care,1217,23,1
BATCH-002722,2025-04-11,West,Partner,Pet Care,8096,125,3
BATCH-003673,2025-04-11,South,Mobile,Home,6585,80,3
BATCH-004700,2025-04-11,South,Partner,Grocery,7402,153,2
BATCH-004846,2025-04-11,South,Retail,Personal Care,3497,59,1
BATCH-004897,2025-04-11,West,Mobile,Grocery,5448,137,8
BATCH-004961,2025-04-11,West,Retail,Pet Care,3303,45,1
BATCH-000038,2025-04-12,South,Mobile,Pet Care,3526,48,2
BATCH-000705,2025-04-12,South,Retail,Home,6147,61,2
BATCH-000874,2025-04-12,East,Mobile,Beverages,4328,185,4
BATCH-000953,2025-04-12,North,Partner,Personal Care,8718,171,9
BATCH-001433,2025-04-12,North,Partner,Personal Care,5024,104,2
BATCH-001459,2025-04-12,West,Retail,Home,2564,26,1
BATCH-002024,2025-04-12,South,Partner,Personal Care,5874,97,5
BATCH-002080,2025-04-12,West,Web,Beverages,3320,120,7
BATCH-002365,2025-04-12,North,Web,Beverages,797,34,2
BATCH-004058,2025-04-12,West,Mobile,Personal Care,9117,194,6
BATCH-004511,2025-04-12,South,Web,Pet Care,11049,180,6
BATCH-000023,2025-04-13,East,Partner,Pet Care,2548,41,1
BATCH-000739,2025-04-13,North,Retail,Home,13523,162,6
BATCH-001584,2025-04-13,South,Retail,Grocery,2062,43,1
BATCH-001958,2025-04-13,East,Web,Personal Care,5028,103,4
BATCH-001973,2025-04-13,North,Web,Beverages,2299,79,2
BATCH-002494,2025-04-13,South,Partner,Personal Care,9382,191,4
BATCH-003660,2025-04-13,East,Web,Personal Care,7166,157,6
BATCH-004011,2025-04-13,South,Mobile,Grocery,5937,145,9
BATCH-004093,2025-04-13,North,Mobile,Personal Care,5595,94,3
BATCH-000549,2025-04-14,North,Partner,Grocery,3963,92,3
BATCH-000822,2025-04-14,East,Mobile,Pet Care,6183,93,3
BATCH-001250,2025-04-14,West,Partner,Grocery,8877,195,7
BATCH-001663,2025-04-14,North,Retail,Pet Care,10990,156,2
BATCH-001800,2025-04-14,South,Partner,Home,8940,114,4
BATCH-001836,2025-04-14,North,Mobile,Beverages,6010,187,12
BATCH-002008,2025-04-14,North,Retail,Home,10420,142,3
BATCH-002221,2025-04-14,North,Partner,Home,19506,200,8
BATCH-002499,2025-04-14,South,Web,Pet Care,6275,95,4
BATCH-002718,2025-04-14,East,Retail,Grocery,8351,197,3
BATCH-003082,2025-04-14,East,Retail,Pet Care,6995,125,2
BATCH-003250,2025-04-14,East,Mobile,Beverages,3550,138,4
BATCH-003293,2025-04-14,East,Retail,Pet Care,8758,148,2
BATCH-003430,2025-04-14,South,Web,Home,3387,38,2
BATCH-004394,2025-04-14,South,Web,Pet Care,10867,199,5
BATCH-004664,2025-04-14,East,Partner,Home,9109,90,4
BATCH-004693,2025-04-14,North,Partner,Grocery,7452,170,7
BATCH-000147,2025-04-15,South,Partner,Beverages,2652,100,4
BATCH-000189,2025-04-15,South,Mobile,Grocery,5252,136,5
BATCH-000626,2025-04-15,South,Mobile,Home,3873,51,2
BATCH-000735,2025-04-15,East,Web,Personal Care,3857,65,1
BATCH-000885,2025-04-15,South,Web,Beverages,2177,89,5
BATCH-000956,2025-04-15,East,Mobile,Personal Care,6419,136,7
BATCH-001655,2025-04-15,South,Partner,Personal Care,1560,29,2
BATCH-001749,2025-04-15,South,Partner,Personal Care,3876,76,3
BATCH-002606,2025-04-15,West,Mobile,Grocery,5974,152,4
BATCH-002974,2025-04-15,North,Web,Grocery,2329,49,2
BATCH-004068,2025-04-15,East,Web,Personal Care,6692,114,5
BATCH-004084,2025-04-15,South,Web,Pet Care,6015,93,3
BATCH-000497,2025-04-16,East,Partner,Personal Care,8960,156,4
BATCH-001258,2025-04-16,West,Retail,Pet Care,2049,39,2
BATCH-001309,2025-04-16,South,Retail,Personal Care,3702,66,3
BATCH-001317,2025-04-16,North,Partner,Pet Care,5242,77,2
BATCH-002529,2025-04-16,West,Web,Personal Care,8305,174,11
BATCH-002634,2025-04-16,West,Web,Grocery,1126,22,1
BATCH-003081,2025-04-16,North,Partner,Pet Care,13751,200,3
BATCH-003421,2025-04-16,West,Partner,Grocery,2608,72,1
BATCH-003826,2025-04-16,East,Partner,Beverages,3133,104,1
BATCH-004078,2025-04-16,East,Partner,Pet Care,4790,68,4
BATCH-004626,2025-04-16,South,Mobile,Home,14823,193,5
BATCH-000126,2025-04-17,South,Retail,Personal Care,4211,89,3
BATCH-000271,2025-04-17,East,Retail,Personal Care,4625,78,2
BATCH-000483,2025-04-17,West,Partner,Home,10367,108,3
BATCH-000804,2025-04-17,South,Partner,Personal Care,10786,189,3
BATCH-000818,2025-04-17,North,Web,Beverages,1879,60,3
BATCH-000888,2025-04-17,East,Mobile,Grocery,4190,108,6
BATCH-001044,2025-04-17,East,Partner,Grocery,5163,123,2
BATCH-001156,2025-04-17,South,Partner,Pet Care,1171,20,1
BATCH-001245,2025-04-17,West,Partner,Home,5289,72,4
BATCH-001600,2025-04-17,East,Retail,Personal Care,4135,89,3
BATCH-001765,2025-04-17,South,Mobile,Home,7833,103,7
BATCH-002729,2025-04-17,North,Partner,Home,3421,38,1
BATCH-002927,2025-04-17,East,Retail,Pet Care,1658,29,1
BATCH-003223,2025-04-17,West,Retail,Personal Care,2881,64,3
BATCH-003299,2025-04-17,West,Partner,Beverages,1094,34,2
BATCH-004121,2025-04-17,West,Retail,Beverages,2522,77,2
BATCH-004641,2025-04-17,North,Partner,Pet Care,12126,184,10
BATCH-004957,2025-04-17,East,Retail,Personal Care,5100,98,4
BATCH-000454,2025-04-18,East,Retail,Beverages,3671,157,4
BATCH-000877,2025-04-18,West,Web,Beverages,4930,151,5
BATCH-001307,2025-04-18,West,Mobile,Grocery,3744,75,3
BATCH-001315,2025-04-18,South,Partner,Personal Care,7578,169,4
BATCH-001867,2025-04-18,North,Web,Personal Care,5187,93,3
BATCH-002167,2025-04-18,West,Web,Beverages,1273,55,3
BATCH-002210,2025-04-18,South,Retail,Beverages,1534,60,2
BATCH-002623,2025-04-18,East,Web,Pet Care,6116,94,3
BATCH-002680,2025-04-18,East,Partner,Grocery,4615,112,3
BATCH-002909,2025-04-18,West,Partner,Beverages,2547,78,2
BATCH-003899,2025-04-18,East,Retail,Pet Care,3402,58,1
BATCH-004049,2025-04-18,East,Web,Grocery,3673,86,4
BATCH-004118,2025-04-18,West,Mobile,Grocery,4168,115,8
BATCH-004730,2025-04-18,West,Retail,Personal Care,2057,43,2
BATCH-000422,2025-04-19,South,Mobile,Home,12208,155,9
BATCH-001049,2025-04-19,East,Mobile,Pet Care,1104,20,1
BATCH-001097,2025-04-19,North,Partner,Personal Care,996,23,0
BATCH-001470,2025-04-19,North,Web,Home,9096,97,3
BATCH-001725,2025-04-19,North,Partner,Beverages,918,28,1
BATCH-001876,2025-04-19,East,Partner,Pet Care,8672,118,5
BATCH-001940,2025-04-19,South,Mobile,Home,9403,107,6
BATCH-002459,2025-04-19,South,Web,Pet Care,5724,89,4
BATCH-002671,2025-04-19,West,Mobile,Home,3294,36,1
BATCH-003512,2025-04-19,East,Mobile,Home,9993,111,7
BATCH-004332,2025-04-19,South,Retail,Home,12857,146,7
BATCH-004412,2025-04-19,North,Partner,Pet Care,4292,62,2
BATCH-004676,2025-04-19,East,Retail,Pet Care,9827,147,3
BATCH-000324,2025-04-20,East,Web,Pet Care,5390,80,3
BATCH-000369,2025-04-20,East,Web,Personal Care,9063,159,4
BATCH-000826,2025-04-20,North,Mobile,Home,8906,98,2
BATCH-001552,2025-04-20,North,Retail,Grocery,6366,137,5
BATCH-002119,2025-04-20,West,Retail,Beverages,1448,46,2
BATCH-002262,2025-04-20,East,Partner,Grocery,3106,80,2
BATCH-002285,2025-04-20,East,Mobile,Personal Care,1971,35,1
BATCH-002557,2025-04-20,South,Partner,Grocery,5982,160,2
BATCH-004064,2025-04-20,East,Retail,Beverages,2224,86,3
BATCH-004370,2025-04-20,East,Retail,Grocery,5078,113,6
BATCH-004919,2025-04-20,North,Retail,Home,11505,149,8
BATCH-000043,2025-04-21,East,Retail,Grocery,9404,183,4
BATCH-000212,2025-04-21,South,Mobile,Grocery,2721,55,1
BATCH-000538,2025-04-21,East,Retail,Beverages,4393,151,4
BATCH-000589,2025-04-21,West,Web,Grocery,8016,181,10
BATCH-000661,2025-04-21,East,Partner,Pet Care,1996,34,1
BATCH-000930,2025-04-21,South,Web,Pet Care,8424,119,6
BATCH-001151,2025-04-21,West,Retail,Beverages,5406,187,10
BATCH-001624,2025-04-21,East,Mobile,Grocery,6029,149,6
BATCH-001632,2025-04-21,North,Retail,Pet Care,1755,25,0
BATCH-002020,2025-04-21,East,Web,Grocery,4548,90,6
BATCH-002134,2025-04-21,North,Mobile,Grocery,1260,29,1
BATCH-002277,2025-04-21,West,Retail,Grocery,6821,180,5
BATCH-002629,2025-04-21,East,Web,Beverages,2089,79,3
BATCH-003144,2025-04-21,West,Retail,Grocery,1653,41,1
BATCH-003327,2025-04-21,West,Web,Grocery,2853,65,3
BATCH-003564,2025-04-21,South,Mobile,Personal Care,6143,116,3
BATCH-003647,2025-04-21,North,Mobile,Pet Care,8824,163,6
BATCH-003940,2025-04-21,West,Retail,Grocery,6734,170,3
BATCH-004251,2025-04-21,North,Web,Grocery,1220,25,1
BATCH-004590,2025-04-21,North,Retail,Grocery,3818,91,2
BATCH-004998,2025-04-21,South,Retail,Personal Care,2458,43,1
BATCH-000077,2025-04-22,West,Partner,Home,11161,122,3
BATCH-000268,2025-04-22,North,Partner,Grocery,6850,141,3
BATCH-000531,2025-04-22,South,Web,Beverages,1972,85,2
BATCH-000648,2025-04-22,West,Partner,Pet Care,2101,40,1
BATCH-000697,2025-04-22,West,Partner,Personal Care,3814,89,5
BATCH-001337,2025-04-22,East,Mobile,Grocery,6362,159,4
BATCH-001743,2025-04-22,West,Partner,Home,7859,80,2
BATCH-002066,2025-04-22,West,Retail,Pet Care,12338,171,6
BATCH-002332,2025-04-22,South,Mobile,Beverages,4217,135,8
BATCH-002827,2025-04-22,West,Retail,Personal Care,4248,98,5
BATCH-002830,2025-04-22,North,Retail,Home,6735,85,2
BATCH-003187,2025-04-22,West,Web,Grocery,5312,132,5
BATCH-003875,2025-04-22,North,Mobile,Grocery,6576,164,9
BATCH-004046,2025-04-22,West,Mobile,Grocery,1580,39,1
BATCH-004345,2025-04-22,North,Web,Pet Care,4293,67,4
BATCH-004479,2025-04-22,East,Mobile,Grocery,4293,104,4
BATCH-000021,2025-04-23,North,Mobile,Pet Care,1968,37,1
BATCH-000120,2025-04-23,West,Web,Personal Care,7105,122,4
BATCH-000535,2025-04-23,South,Mobile,Pet Care,4453,76,5
BATCH-000621,2025-04-23,East,Partner,Grocery,8891,193,9
BATCH-000770,2025-04-23,East,Web,Beverages,1405,59,4
BATCH-000776,2025-04-23,North,Partner,Beverages,5445,168,6
BATCH-001123,2025-04-23,North,Retail,Home,8046,89,3
BATCH-001234,2025-04-23,North,Partner,Personal Care,7910,170,7
BATCH-001482,2025-04-23,South,Partner,Personal Care,3460,72,4
BATCH-001833,2025-04-23,East,Retail,Beverages,1253,48,2
BATCH-001948,2025-04-23,West,Partner,Pet Care,9587,143,6
BATCH-001982,2025-04-23,East,Retail,Pet Care,7944,120,7
BATCH-002291,2025-04-23,North,Retail,Home,5796,59,2
BATCH-002381,2025-04-23,North,Web,Beverages,901,29,2
BATCH-002435,2025-04-23,South,Retail,Beverages,6012,193,3
BATCH-002934,2025-04-23,East,Mobile,Pet Care,10817,166,10
BATCH-003124,2025-04-23,South,Mobile,Grocery,7017,145,5
BATCH-004236,2025-04-23,North,Mobile,Beverages,1257,42,2
BATCH-004300,2025-04-23,East,Partner,Pet Care,9916,166,7
BATCH-004494,2025-04-23,South,Web,Beverages,5538,178,7
BATCH-004520,2025-04-23,South,Web,Personal Care,1329,28,1
BATCH-004892,2025-04-23,West,Mobile,Home,7637,88,5
BATCH-000146,2025-04-24,East,Partner,Pet Care,11845,180,4
BATCH-000148,2025-04-24,North,Web,Beverages,3994,147,8
BATCH-000500,2025-04-24,South,Mobile,Home,8982,100,2
BATCH-001971,2025-04-24,West,Web,Personal Care,8518,176,6
BATCH-001991,2025-04-24,East,Web,Beverages,2296,90,5
BATCH-003774,2025-04-24,North,Mobile,Beverages,3997,172,9
BATCH-004546,2025-04-24,East,Mobile,Pet Care,2086,35,1
BATCH-000067,2025-04-25,North,Partner,Beverages,2394,88,3
BATCH-000461,2025-04-25,West,Partner,Home,7043,95,3
BATCH-000710,2025-04-25,East,Mobile,Personal Care,8883,182,11
BATCH-000736,2025-04-25,North,Partner,Personal Care,5507,115,4
BATCH-000944,2025-04-25,North,Mobile,Beverages,3777,137,7
BATCH-001024,2025-04-25,South,Web,Beverages,4266,169,4
BATCH-001928,2025-04-25,East,Web,Personal Care,9115,154,9
BATCH-002144,2025-04-25,North,Retail,Grocery,1841,45,1
BATCH-002812,2025-04-25,East,Retail,Home,11746,132,6
BATCH-003001,2025-04-25,West,Mobile,Beverages,4036,157,4
BATCH-004107,2025-04-25,East,Retail,Grocery,8617,193,2
BATCH-004895,2025-04-25,West,Partner,Home,16907,174,9
BATCH-000244,2025-04-26,South,Retail,Home,12837,142,3
BATCH-000302,2025-04-26,South,Partner,Personal Care,7865,162,6
BATCH-000405,2025-04-26,North,Mobile,Home,8522,101,3
BATCH-000436,2025-04-26,West,Partner,Home,8480,90,4
BATCH-000606,2025-04-26,North,Retail,Grocery,4946,127,5
BATCH-000795,2025-04-26,South,Mobile,Home,1861,21,1
BATCH-001088,2025-04-26,South,Web,Home,8764,124,5
BATCH-001219,2025-04-26,North,Partner,Grocery,5807,116,2
BATCH-001621,2025-04-26,North,Mobile,Home,15270,168,4
BATCH-001689,2025-04-26,South,Partner,Beverages,4951,150,6
BATCH-001969,2025-04-26,North,Mobile,Personal Care,3739,77,2
BATCH-002518,2025-04-26,North,Mobile,Grocery,3368,74,3
BATCH-002560,2025-04-26,North,Partner,Home,9083,122,2
BATCH-002781,2025-04-26,South,Mobile,Pet Care,9336,148,8
BATCH-002847,2025-04-26,East,Mobile,Home,3359,45,2
BATCH-003013,2025-04-26,North,Partner,Personal Care,3243,54,2
BATCH-003308,2025-04-26,South,Retail,Personal Care,8545,174,3
BATCH-003516,2025-04-26,North,Retail,Pet Care,2985,46,2
BATCH-004151,2025-04-26,South,Retail,Personal Care,8909,167,5
BATCH-004262,2025-04-26,South,Mobile,Home,13022,158,6
BATCH-004594,2025-04-26,West,Mobile,Grocery,7321,171,7
BATCH-000236,2025-04-27,North,Partner,Beverages,559,21,1
BATCH-001042,2025-04-27,East,Web,Home,5863,64,4
BATCH-001141,2025-04-27,West,Mobile,Personal Care,4772,90,5
BATCH-001522,2025-04-27,East,Partner,Grocery,5055,133,4
BATCH-002339,2025-04-27,West,Mobile,Home,12856,146,9
BATCH-002513,2025-04-27,North,Partner,Pet Care,3411,51,1
BATCH-004483,2025-04-27,East,Mobile,Personal Care,7803,155,10
BATCH-000785,2025-04-28,West,Partner,Personal Care,5594,107,4
BATCH-001353,2025-04-28,East,Mobile,Beverages,2075,90,3
BATCH-001759,2025-04-28,South,Retail,Pet Care,8406,151,7
BATCH-002064,2025-04-28,West,Partner,Beverages,749,25,0
BATCH-002552,2025-04-28,East,Retail,Personal Care,8156,167,9
BATCH-002898,2025-04-28,East,Partner,Home,10135,131,4
BATCH-004871,2025-04-28,West,Mobile,Grocery,3157,61,4
BATCH-000232,2025-04-29,South,Web,Personal Care,1021,21,1
BATCH-001456,2025-04-29,North,Mobile,Home,7846,93,4
BATCH-001686,2025-04-29,West,Web,Grocery,5836,145,3
BATCH-001910,2025-04-29,North,Mobile,Beverages,4988,178,6
BATCH-002127,2025-04-29,West,Retail,Beverages,4780,152,6
BATCH-002417,2025-04-29,North,Partner,Grocery,4904,105,5
BATCH-002553,2025-04-29,East,Mobile,Home,4187,56,2
BATCH-003423,2025-04-29,West,Web,Grocery,3768,90,5
BATCH-003979,2025-04-29,West,Mobile,Pet Care,4957,73,4
BATCH-004005,2025-04-29,North,Mobile,Pet Care,4177,68,4
BATCH-004874,2025-04-29,South,Web,Pet Care,8329,124,5
BATCH-000445,2025-04-30,West,Retail,Beverages,3791,116,4
BATCH-000759,2025-04-30,South,Web,Home,12831,157,4
BATCH-001029,2025-04-30,West,Partner,Home,7813,79,4
BATCH-001199,2025-04-30,East,Web,Grocery,6273,147,7
BATCH-001232,2025-04-30,East,Mobile,Grocery,994,26,1
BATCH-001380,2025-04-30,West,Retail,Beverages,3060,112,3
BATCH-001530,2025-04-30,East,Web,Home,3652,48,2
BATCH-001618,2025-04-30,East,Partner,Personal Care,9995,195,7
BATCH-002593,2025-04-30,North,Partner,Personal Care,7460,130,5
BATCH-002695,2025-04-30,South,Mobile,Beverages,1404,53,2
BATCH-003549,2025-04-30,West,Mobile,Grocery,5742,154,9
BATCH-003724,2025-04-30,South,Partner,Home,13934,169,5
BATCH-004026,2025-04-30,South,Retail,Pet Care,9496,162,8
BATCH-004587,2025-04-30,South,Web,Pet Care,10015,184,9
BATCH-004680,2025-04-30,South,Retail,Home,2334,26,1
BATCH-004905,2025-04-30,West,Partner,Beverages,4492,159,6
BATCH-004932,2025-04-30,East,Retail,Beverages,4076,150,6
BATCH-000010,2025-05-01,East,Mobile,Home,11353,113,7
BATCH-000172,2025-05-01,West,Mobile,Beverages,3862,145,7
BATCH-000448,2025-05-01,East,Web,Pet Care,1721,27,1
BATCH-000639,2025-05-01,West,Mobile,Grocery,3893,97,4
BATCH-000662,2025-05-01,West,Retail,Beverages,5710,176,9
BATCH-000840,2025-05-01,West,Retail,Home,7302,83,4
BATCH-001076,2025-05-01,South,Mobile,Beverages,2450,100,5
BATCH-002539,2025-05-01,East,Partner,Grocery,4438,100,5
BATCH-002660,2025-05-01,North,Web,Grocery,8678,183,8
BATCH-002786,2025-05-01,North,Retail,Beverages,3361,146,5
BATCH-003181,2025-05-01,East,Retail,Grocery,8572,184,7
BATCH-003497,2025-05-01,East,Mobile,Grocery,8426,172,6
BATCH-003573,2025-05-01,South,Web,Pet Care,10536,191,5
BATCH-004161,2025-05-01,East,Partner,Home,18938,198,6
BATCH-004245,2025-05-01,North,Retail,Pet Care,5467,78,2
BATCH-004815,2025-05-01,North,Partner,Beverages,3448,113,6
BATCH-004924,2025-05-01,North,Web,Grocery,2605,63,4
BATCH-000794,2025-05-02,North,Retail,Home,2605,28,1
BATCH-001244,2025-05-02,North,Partner,Beverages,1678,57,3
BATCH-001682,2025-05-02,East,Mobile,Grocery,2801,57,3
BATCH-002077,2025-05-02,East,Mobile,Home,8846,95,3
BATCH-002204,2025-05-02,East,Mobile,Beverages,571,20,1
BATCH-002229,2025-05-02,East,Retail,Grocery,5916,131,6
BATCH-002376,2025-05-02,West,Retail,Home,11768,136,5
BATCH-002646,2025-05-02,South,Retail,Beverages,2325,88,4
BATCH-003041,2025-05-02,South,Mobile,Pet Care,6708,119,4
BATCH-003489,2025-05-02,North,Web,Personal Care,6801,144,6
BATCH-003847,2025-05-02,West,Mobile,Grocery,5989,116,3
BATCH-003972,2025-05-02,North,Web,Beverages,2465,85,5
BATCH-004246,2025-05-02,South,Retail,Home,16308,171,6
BATCH-004480,2025-05-02,South,Web,Home,2355,29,1
BATCH-004616,2025-05-02,East,Retail,Beverages,1451,59,3
BATCH-004808,2025-05-02,South,Mobile,Pet Care,1559,29,2
BATCH-004818,2025-05-02,West,Web,Home,12214,151,7
BATCH-000069,2025-05-03,East,Mobile,Pet Care,10210,176,10
BATCH-000310,2025-05-03,South,Mobile,Pet Care,6498,105,2
BATCH-000519,2025-05-03,North,Partner,Grocery,5771,142,7
BATCH-000748,2025-05-03,West,Partner,Pet Care,2725,52,3
BATCH-000916,2025-05-03,North,Retail,Home,6101,71,2
BATCH-001056,2025-05-03,South,Mobile,Home,8197,93,4
BATCH-001379,2025-05-03,West,Mobile,Home,16997,194,9
BATCH-001615,2025-05-03,East,Web,Home,1711,24,1
BATCH-002231,2025-05-03,South,Partner,Grocery,896,23,1
BATCH-002310,2025-05-03,East,Web,Grocery,4948,134,9
BATCH-002370,2025-05-03,East,Retail,Pet Care,6696,110,3
BATCH-002944,2025-05-03,South,Mobile,Pet Care,6675,115,7
BATCH-003677,2025-05-03,South,Mobile,Home,5687,72,4
BATCH-004030,2025-05-03,East,Retail,Beverages,5574,171,5
BATCH-004501,2025-05-03,South,Retail,Beverages,3539,137,6
BATCH-000265,2025-05-04,South,Web,Personal Care,4425,81,4
BATCH-000476,2025-05-04,North,Retail,Personal Care,8458,160,4
BATCH-001365,2025-05-04,South,Mobile,Home,2629,27,1
BATCH-001571,2025-05-04,West,Web,Personal Care,2004,33,1
BATCH-002246,2025-05-04,East,Retail,Personal Care,1611,31,2
BATCH-002589,2025-05-04,South,Retail,Personal Care,4306,86,2
BATCH-002663,2025-05-04,South,Retail,Pet Care,7494,129,4
BATCH-002690,2025-05-04,North,Retail,Beverages,1866,78,2
BATCH-002895,2025-05-04,West,Retail,Beverages,3260,126,7
BATCH-002933,2025-05-04,East,Partner,Pet Care,1724,33,1
BATCH-003764,2025-05-04,West,Partner,Grocery,3784,88,5
BATCH-004357,2025-05-04,East,Partner,Home,15167,188,4
BATCH-000138,2025-05-05,South,Mobile,Grocery,7192,171,9
BATCH-000235,2025-05-05,East,Retail,Beverages,3529,128,6
BATCH-000552,2025-05-05,North,Web,Beverages,1131,37,2
BATCH-000931,2025-05-05,North,Mobile,Grocery,4839,132,7
BATCH-001035,2025-05-05,North,Web,Personal Care,3086,59,2
BATCH-001166,2025-05-05,South,Partner,Grocery,6898,139,6
BATCH-001638,2025-05-05,South,Web,Grocery,981,24,1
BATCH-002179,2025-05-05,South,Web,Beverages,2472,103,5
BATCH-002890,2025-05-05,North,Mobile,Beverages,4187,136,5
BATCH-003153,2025-05-05,North,Retail,Pet Care,3215,58,2
BATCH-003490,2025-05-05,North,Web,Home,15001,178,6
BATCH-003898,2025-05-05,South,Web,Pet Care,5641,97,5
BATCH-004048,2025-05-05,East,Mobile,Beverages,2842,93,6
BATCH-004338,2025-05-05,West,Web,Personal Care,1554,31,1
BATCH-004805,2025-05-05,West,Partner,Pet Care,5904,96,2
BATCH-004888,2025-05-05,North,Mobile,Home,16037,163,9
BATCH-004946,2025-05-05,West,Web,Personal Care,4488,88,4
BATCH-000016,2025-05-06,East,Mobile,Personal Care,7316,149,7
BATCH-000180,2025-05-06,South,Partner,Grocery,3060,66,2
BATCH-000540,2025-05-06,West,Web,Pet Care,13370,198,11
BATCH-000603,2025-05-06,North,Partner,Grocery,4954,99,4
BATCH-000940,2025-05-06,South,Mobile,Personal Care,2970,61,3
BATCH-001695,2025-05-06,South,Mobile,Personal Care,11068,195,11
BATCH-002057,2025-05-06,East,Web,Grocery,2837,75,2
BATCH-002582,2025-05-06,South,Web,Beverages,4844,188,10
BATCH-002599,2025-05-06,South,Partner,Pet Care,3421,55,1
BATCH-002600,2025-05-06,East,Partner,Grocery,1801,43,2
BATCH-002761,2025-05-06,West,Retail,Pet Care,12830,178,5
BATCH-002968,2025-05-06,West,Partner,Beverages,725,29,0
BATCH-003384,2025-05-06,West,Web,Pet Care,11344,194,9
BATCH-003513,2025-05-06,East,Retail,Personal Care,3028,60,1
BATCH-004426,2025-05-06,North,Mobile,Beverages,3170,125,7
BATCH-004492,2025-05-06,West,Retail,Grocery,6302,163,9
BATCH-004602,2025-05-06,South,Retail,Personal Care,2206,36,1
BATCH-004682,2025-05-06,South,Partner,Grocery,9804,196,8
BATCH-004851,2025-05-06,West,Partner,Grocery,6649,162,8
BATCH-000125,2025-05-07,West,Partner,Home,5271,60,3
BATCH-000159,2025-05-07,South,Mobile,Personal Care,2034,45,1
BATCH-000981,2025-05-07,West,Web,Pet Care,7875,113,6
BATCH-001892,2025-05-07,North,Partner,Personal Care,3491,59,1
BATCH-001975,2025-05-07,West,Web,Pet Care,4696,87,5
BATCH-002984,2025-05-07,South,Mobile,Grocery,6494,148,7
BATCH-003453,2025-05-07,North,Web,Home,1937,24,1
BATCH-003531,2025-05-07,West,Web,Grocery,1905,41,2
BATCH-003868,2025-05-07,East,Retail,Beverages,3831,154,8
BATCH-003951,2025-05-07,South,Web,Pet Care,7098,117,4
BATCH-000798,2025-05-08,West,Web,Beverages,3558,109,6
BATCH-001055,2025-05-08,North,Web,Pet Care,6386,106,5
BATCH-001091,2025-05-08,West,Mobile,Beverages,2687,99,4
BATCH-001745,2025-05-08,West,Mobile,Grocery,2730,58,3
BATCH-001776,2025-05-08,West,Retail,Grocery,2587,62,3
BATCH-002460,2025-05-08,North,Web,Pet Care,10269,167,4
BATCH-002837,2025-05-08,West,Retail,Beverages,5629,200,10
BATCH-002916,2025-05-08,West,Web,Pet Care,6031,89,3
BATCH-003897,2025-05-08,West,Web,Home,2077,25,1
BATCH-004192,2025-05-08,North,Web,Pet Care,8344,155,8
BATCH-004269,2025-05-08,South,Web,Pet Care,7505,120,5
BATCH-004488,2025-05-08,East,Partner,Pet Care,2114,40,1
BATCH-000339,2025-05-09,South,Mobile,Personal Care,10388,173,11
BATCH-000354,2025-05-09,North,Mobile,Pet Care,7935,148,6
BATCH-000715,2025-05-09,West,Retail,Personal Care,7363,146,7
BATCH-000899,2025-05-09,East,Mobile,Personal Care,3460,81,2
BATCH-001183,2025-05-09,North,Partner,Beverages,3122,120,6
BATCH-001548,2025-05-09,North,Retail,Beverages,4981,170,8
BATCH-001803,2025-05-09,South,Partner,Beverages,730,30,1
BATCH-001853,2025-05-09,South,Partner,Personal Care,6968,150,7
BATCH-002135,2025-05-09,East,Retail,Home,16775,192,10
BATCH-002420,2025-05-09,North,Web,Pet Care,14198,195,6
BATCH-002468,2025-05-09,North,Partner,Home,6408,74,2
BATCH-002715,2025-05-09,South,Partner,Home,4352,45,1
BATCH-003011,2025-05-09,West,Partner,Pet Care,14673,200,11
BATCH-003329,2025-05-09,South,Retail,Beverages,3736,135,7
BATCH-003600,2025-05-09,South,Mobile,Grocery,8419,185,12
BATCH-003800,2025-05-09,South,Web,Pet Care,8677,125,5
BATCH-003846,2025-05-09,West,Partner,Beverages,3885,126,3
BATCH-004042,2025-05-09,South,Mobile,Beverages,4107,140,5
BATCH-004288,2025-05-09,West,Partner,Personal Care,5756,118,3
BATCH-004623,2025-05-09,South,Mobile,Home,10150,112,7
BATCH-004861,2025-05-09,East,Mobile,Home,1614,21,1
BATCH-000028,2025-05-10,East,Web,Grocery,7062,182,12
BATCH-000247,2025-05-10,South,Partner,Beverages,4538,176,7
BATCH-000608,2025-05-10,North,Mobile,Grocery,3438,92,6
BATCH-000796,2025-05-10,West,Retail,Personal Care,5747,108,4
BATCH-000965,2025-05-10,East,Web,Home,10573,148,7
BATCH-001734,2025-05-10,East,Mobile,Home,14583,145,8
BATCH-002357,2025-05-10,South,Mobile,Grocery,3532,95,6
BATCH-002474,2025-05-10,West,Retail,Grocery,6780,167,9
BATCH-002570,2025-05-10,West,Web,Grocery,3777,73,2
BATCH-002635,2025-05-10,North,Retail,Personal Care,1438,28,1
BATCH-002717,2025-05-10,East,Partner,Beverages,2699,84,4
BATCH-002822,2025-05-10,West,Mobile,Home,16262,199,6
BATCH-003988,2025-05-10,North,Partner,Home,17541,183,3
BATCH-004647,2025-05-10,South,Web,Pet Care,10040,183,11
BATCH-004795,2025-05-10,South,Partner,Home,12194,144,7
BATCH-000319,2025-05-11,West,Retail,Grocery,8019,183,9
BATCH-000360,2025-05-11,East,Partner,Beverages,684,25,1
BATCH-001172,2025-05-11,North,Retail,Beverages,3362,132,4
BATCH-001671,2025-05-11,North,Partner,Home,7946,89,1
BATCH-002007,2025-05-11,East,Web,Beverages,3866,133,5
BATCH-002237,2025-05-11,West,Mobile,Grocery,2732,75,3
BATCH-002472,2025-05-11,South,Retail,Grocery,5620,138,6
BATCH-002563,2025-05-11,South,Retail,Beverages,4409,152,4
BATCH-002882,2025-05-11,East,Web,Home,5623,68,4
BATCH-004229,2025-05-11,East,Partner,Grocery,8149,185,6
BATCH-004857,2025-05-11,West,Retail,Personal Care,2873,67,3
BATCH-004925,2025-05-11,East,Retail,Grocery,6058,144,7
BATCH-000006,2025-05-12,East,Mobile,Beverages,3241,134,9
BATCH-000526,2025-05-12,East,Partner,Beverages,522,20,1
BATCH-001410,2025-05-12,West,Mobile,Grocery,8840,180,6
BATCH-002163,2025-05-12,North,Mobile,Pet Care,3727,60,3
BATCH-003582,2025-05-12,East,Mobile,Home,16641,177,6
BATCH-003928,2025-05-12,West,Web,Home,3977,51,2
BATCH-004095,2025-05-12,East,Mobile,Grocery,917,20,1
BATCH-004280,2025-05-12,North,Partner,Beverages,3936,150,6
BATCH-000414,2025-05-13,North,Partner,Home,12403,159,3
BATCH-000546,2025-05-13,West,Partner,Grocery,5294,102,5
BATCH-000763,2025-05-13,West,Partner,Home,13985,157,6
BATCH-000855,2025-05-13,West,Retail,Home,6580,79,2
BATCH-001196,2025-05-13,East,Web,Personal Care,6721,151,4
BATCH-001500,2025-05-13,South,Partner,Pet Care,7069,116,6
BATCH-002196,2025-05-13,South,Partner,Home,3683,52,2
BATCH-002454,2025-05-13,East,Web,Grocery,4544,89,3
BATCH-002712,2025-05-13,East,Web,Grocery,4387,119,7
BATCH-002861,2025-05-13,East,Mobile,Home,4960,55,1
BATCH-003217,2025-05-13,North,Web,Grocery,6871,153,10
BATCH-004289,2025-05-13,East,Partner,Pet Care,4244,67,3
BATCH-004541,2025-05-13,South,Mobile,Personal Care,4079,68,4
BATCH-000201,2025-05-14,North,Web,Grocery,4935,123,4
BATCH-000204,2025-05-14,West,Mobile,Personal Care,7610,140,7
BATCH-000333,2025-05-14,West,Mobile,Grocery,5072,115,4
BATCH-000635,2025-05-14,North,Retail,Beverages,1752,66,4
BATCH-001359,2025-05-14,East,Mobile,Pet Care,7199,130,4
BATCH-001442,2025-05-14,West,Mobile,Beverages,2271,69,2
BATCH-001534,2025-05-14,North,Retail,Beverages,5273,160,4
BATCH-002160,2025-05-14,South,Partner,Beverages,1895,74,1
BATCH-002382,2025-05-14,West,Partner,Home,10017,117,2
BATCH-002469,2025-05-14,East,Web,Home,9974,100,6
BATCH-003578,2025-05-14,West,Partner,Personal Care,3712,69,4
BATCH-003768,2025-05-14,South,Mobile,Beverages,4981,200,7
BATCH-003845,2025-05-14,East,Retail,Grocery,1150,28,1
BATCH-003921,2025-05-14,West,Mobile,Beverages,2454,88,5
BATCH-004797,2025-05-14,North,Retail,Beverages,4536,152,8
BATCH-004891,2025-05-14,East,Mobile,Personal Care,5504,127,3
BATCH-000051,2025-05-15,East,Web,Personal Care,5940,138,5
BATCH-000505,2025-05-15,North,Retail,Beverages,1393,56,1
BATCH-001136,2025-05-15,West,Retail,Pet Care,8933,124,2
BATCH-001192,2025-05-15,South,Retail,Home,4721,48,1
BATCH-001752,2025-05-15,East,Mobile,Home,16597,165,4
BATCH-002061,2025-05-15,North,Partner,Grocery,6510,144,8
BATCH-002667,2025-05-15,West,Retail,Home,19708,198,10
BATCH-004256,2025-05-15,South,Retail,Grocery,1081,24,1
BATCH-004389,2025-05-15,South,Partner,Personal Care,6564,119,5
BATCH-004435,2025-05-15,West,Web,Personal Care,4853,110,3
BATCH-004519,2025-05-15,West,Retail,Home,6823,77,2
BATCH-004839,2025-05-15,East,Partner,Beverages,2949,123,3
BATCH-000022,2025-05-16,East,Web,Grocery,5862,127,3
BATCH-000614,2025-05-16,South,Partner,Personal Care,1254,21,1
BATCH-001935,2025-05-16,North,Web,Pet Care,2450,38,2
BATCH-002749,2025-05-16,East,Retail,Pet Care,4853,76,3
BATCH-002973,2025-05-16,North,Retail,Beverages,4389,135,2
BATCH-003546,2025-05-16,South,Mobile,Beverages,4883,163,10
BATCH-003891,2025-05-16,East,Web,Home,12197,165,5
BATCH-003906,2025-05-16,West,Partner,Personal Care,6132,121,6
BATCH-004163,2025-05-16,South,Mobile,Grocery,3307,88,5
BATCH-004203,2025-05-16,East,Mobile,Pet Care,3349,47,3
BATCH-004273,2025-05-16,West,Mobile,Grocery,3112,60,3
BATCH-004648,2025-05-16,South,Partner,Grocery,5476,129,5
BATCH-004658,2025-05-16,North,Partner,Pet Care,7338,105,4
BATCH-004685,2025-05-16,South,Web,Personal Care,7640,168,4
BATCH-004814,2025-05-16,South,Mobile,Grocery,5398,108,7
BATCH-000186,2025-05-17,East,Mobile,Grocery,3627,80,4
BATCH-000229,2025-05-17,West,Retail,Grocery,6014,145,2
BATCH-000592,2025-05-17,South,Mobile,Grocery,4439,98,5
BATCH-000947,2025-05-17,North,Partner,Pet Care,7175,110,5
BATCH-001660,2025-05-17,West,Retail,Beverages,1244,42,2
BATCH-001774,2025-05-17,West,Mobile,Pet Care,8399,116,5
BATCH-001880,2025-05-17,North,Mobile,Grocery,8359,194,6
BATCH-003072,2025-05-17,East,Mobile,Home,14108,168,10
BATCH-003172,2025-05-17,West,Retail,Pet Care,9806,148,4
BATCH-003275,2025-05-17,North,Mobile,Personal Care,4877,113,7
BATCH-003355,2025-05-17,West,Web,Pet Care,10585,143,5
BATCH-003386,2025-05-17,East,Partner,Grocery,7218,197,8
BATCH-004465,2025-05-17,South,Web,Beverages,4071,137,6
BATCH-004912,2025-05-17,East,Mobile,Personal Care,6784,112,3
BATCH-004913,2025-05-17,West,Retail,Beverages,4968,182,2
BATCH-000165,2025-05-18,South,Retail,Beverages,2970,104,3
BATCH-000516,2025-05-18,East,Web,Beverages,3197,108,7
BATCH-000805,2025-05-18,North,Partner,Pet Care,4808,72,4
BATCH-001034,2025-05-18,South,Web,Grocery,5052,98,4
BATCH-001040,2025-05-18,South,Web,Home,13917,179,9
BATCH-001588,2025-05-18,East,Partner,Grocery,1230,29,0
BATCH-002302,2025-05-18,North,Retail,Pet Care,3768,72,3
BATCH-002441,2025-05-18,West,Web,Pet Care,6100,83,4
BATCH-002574,2025-05-18,East,Web,Personal Care,9164,195,5
BATCH-002588,2025-05-18,West,Web,Pet Care,6455,111,6
BATCH-002776,2025-05-18,West,Web,Grocery,6088,157,6
BATCH-003336,2025-05-18,West,Mobile,Personal Care,9852,182,9
BATCH-003408,2025-05-18,West,Mobile,Personal Care,5305,87,2
BATCH-003418,2025-05-18,North,Partner,Grocery,7646,151,4
BATCH-003728,2025-05-18,West,Web,Pet Care,8622,116,4
BATCH-003777,2025-05-18,East,Mobile,Home,14566,163,7
BATCH-004198,2025-05-18,North,Web,Beverages,2503,108,5
BATCH-004224,2025-05-18,West,Web,Pet Care,12009,186,11
BATCH-004274,2025-05-18,North,Mobile,Home,2358,27,1
BATCH-004915,2025-05-18,South,Partner,Beverages,1774,55,1
BATCH-000478,2025-05-19,West,Partner,Grocery,2124,56,1
BATCH-001319,2025-05-19,South,Retail,Personal Care,8109,134,2
BATCH-001322,2025-05-19,East,Mobile,Home,7676,102,3
BATCH-002060,2025-05-19,South,Partner,Home,4798,53,1
BATCH-002642,2025-05-19,North,Retail,Home,7124,85,5
BATCH-003216,2025-05-19,North,Retail,Grocery,5083,112,3
BATCH-003723,2025-05-19,North,Partner,Personal Care,904,20,1
BATCH-003872,2025-05-19,South,Retail,Grocery,2809,63,1
BATCH-003949,2025-05-19,South,Partner,Pet Care,7163,120,2
BATCH-004057,2025-05-19,West,Web,Pet Care,9761,146,7
BATCH-000249,2025-05-20,South,Web,Personal Care,8318,159,4
BATCH-000277,2025-05-20,East,Mobile,Beverages,3831,122,4
BATCH-000286,2025-05-20,South,Mobile,Pet Care,8127,119,6
BATCH-000506,2025-05-20,West,Partner,Home,18892,190,6
BATCH-001082,2025-05-20,North,Retail,Personal Care,5143,105,5
BATCH-001490,2025-05-20,West,Web,Home,9422,117,6
BATCH-002004,2025-05-20,East,Partner,Personal Care,6493,133,4
BATCH-002206,2025-05-20,North,Partner,Beverages,2059,74,1
BATCH-002268,2025-05-20,North,Retail,Pet Care,1227,20,1
BATCH-002506,2025-05-20,West,Partner,Grocery,4280,108,2
BATCH-002625,2025-05-20,East,Partner,Pet Care,1497,22,1
BATCH-002996,2025-05-20,West,Partner,Pet Care,7453,117,5
BATCH-003409,2025-05-20,North,Partner,Home,8486,99,3
BATCH-003658,2025-05-20,North,Partner,Pet Care,6214,104,1
BATCH-004122,2025-05-20,East,Web,Home,2897,31,2
BATCH-004914,2025-05-20,South,Retail,Beverages,3689,160,4
BATCH-000213,2025-05-21,East,Web,Beverages,4570,159,5
BATCH-001285,2025-05-21,North,Retail,Home,5694,62,1
BATCH-001423,2025-05-21,East,Partner,Beverages,5230,172,10
BATCH-002264,2025-05-21,South,Partner,Personal Care,9890,193,4
BATCH-002662,2025-05-21,East,Mobile,Pet Care,6098,118,6
BATCH-002740,2025-05-21,East,Partner,Home,4684,59,2
BATCH-003230,2025-05-21,South,Partner,Home,3866,51,1
BATCH-004825,2025-05-21,West,Web,Beverages,3376,121,8
BATCH-000012,2025-05-22,West,Mobile,Personal Care,9916,164,7
BATCH-000042,2025-05-22,North,Retail,Home,5660,67,3
BATCH-000073,2025-05-22,East,Retail,Grocery,5956,123,5
BATCH-000462,2025-05-22,South,Mobile,Grocery,1494,38,2
BATCH-000574,2025-05-22,East,Partner,Beverages,5571,192,4
BATCH-001990,2025-05-22,East,Retail,Beverages,2291,81,1
BATCH-002121,2025-05-22,East,Web,Grocery,4109,86,5
BATCH-002657,2025-05-22,South,Mobile,Personal Care,7272,143,8
BATCH-003317,2025-05-22,South,Retail,Pet Care,9756,149,8
BATCH-003450,2025-05-22,North,Web,Home,2340,30,2
BATCH-003827,2025-05-22,East,Web,Home,11849,150,4
BATCH-003881,2025-05-22,South,Web,Home,13199,186,9
BATCH-004344,2025-05-22,East,Web,Grocery,8092,157,5
BATCH-004617,2025-05-22,West,Retail,Beverages,4133,146,7
BATCH-004847,2025-05-22,West,Web,Home,15046,190,4
BATCH-000367,2025-05-23,East,Mobile,Personal Care,1907,44,2
BATCH-000802,2025-05-23,North,Mobile,Personal Care,1756,35,2
BATCH-002107,2025-05-23,East,Retail,Home,3725,47,2
BATCH-002178,2025-05-23,North,Retail,Home,9850,103,3
BATCH-002448,2025-05-23,South,Partner,Beverages,4128,138,8
BATCH-003309,2025-05-23,North,Retail,Beverages,3103,125,2
BATCH-003886,2025-05-23,South,Retail,Personal Care,3045,51,2
BATCH-004789,2025-05-23,North,Partner,Beverages,975,41,1
BATCH-000473,2025-05-24,East,Retail,Personal Care,7477,158,5
BATCH-000808,2025-05-24,North,Retail,Pet Care,3902,60,2
BATCH-000891,2025-05-24,West,Mobile,Pet Care,2484,43,3
BATCH-001243,2025-05-24,East,Retail,Pet Care,11144,154,4
BATCH-003104,2025-05-24,North,Partner,Personal Care,4093,82,1
BATCH-003735,2025-05-24,South,Partner,Beverages,763,29,1
BATCH-004202,2025-05-24,East,Retail,Beverages,4310,169,8
BATCH-004382,2025-05-24,North,Web,Grocery,3520,70,4
BATCH-004768,2025-05-24,West,Mobile,Beverages,1040,38,1
BATCH-000349,2025-05-25,West,Retail,Pet Care,4598,85,3
BATCH-000396,2025-05-25,South,Web,Grocery,6117,123,8
BATCH-000605,2025-05-25,West,Partner,Beverages,1797,77,3
BATCH-000801,2025-05-25,North,Mobile,Home,5091,58,4
BATCH-001182,2025-05-25,South,Partner,Grocery,3121,72,3
BATCH-001575,2025-05-25,North,Partner,Pet Care,3575,69,3
BATCH-001667,2025-05-25,North,Web,Beverages,1262,43,1
BATCH-002084,2025-05-25,West,Partner,Pet Care,13358,193,10
BATCH-002109,2025-05-25,South,Retail,Pet Care,2987,45,2
BATCH-003448,2025-05-25,South,Mobile,Beverages,6100,191,9
BATCH-003791,2025-05-25,South,Mobile,Home,12503,149,10
BATCH-004088,2025-05-25,South,Mobile,Pet Care,3843,70,4
BATCH-000056,2025-05-26,North,Retail,Grocery,9536,191,8
BATCH-000581,2025-05-26,South,Mobile,Grocery,793,21,1
BATCH-000636,2025-05-26,North,Web,Grocery,5678,116,6
BATCH-000791,2025-05-26,West,Mobile,Home,3898,55,2
BATCH-001135,2025-05-26,North,Web,Pet Care,7567,115,4
BATCH-001299,2025-05-26,South,Retail,Beverages,2391,94,4
BATCH-001390,2025-05-26,East,Partner,Personal Care,8316,171,3
BATCH-001789,2025-05-26,South,Web,Grocery,5573,128,3
BATCH-002964,2025-05-26,North,Retail,Beverages,3834,166,9
BATCH-003070,2025-05-26,South,Web,Personal Care,5386,117,7
BATCH-003262,2025-05-26,West,Retail,Home,9506,129,5
BATCH-004738,2025-05-26,West,Web,Pet Care,11851,173,5
BATCH-000112,2025-05-27,East,Retail,Pet Care,3267,48,1
BATCH-000425,2025-05-27,East,Partner,Pet Care,10504,175,3
BATCH-000830,2025-05-27,West,Web,Beverages,5326,166,9
BATCH-001224,2025-05-27,West,Mobile,Grocery,7929,160,8
BATCH-001959,2025-05-27,South,Web,Home,2851,30,1
BATCH-002113,2025-05-27,West,Partner,Personal Care,4837,111,2
BATCH-002467,2025-05-27,North,Web,Home,13363,170,6
BATCH-002487,2025-05-27,East,Partner,Pet Care,3183,54,1
BATCH-003034,2025-05-27,North,Mobile,Home,3835,52,3
BATCH-003047,2025-05-27,East,Web,Grocery,6133,149,4
BATCH-003145,2025-05-27,West,Retail,Pet Care,6590,109,3
BATCH-003330,2025-05-27,South,Partner,Beverages,4730,183,6
BATCH-003425,2025-05-27,West,Mobile,Home,5408,67,4
BATCH-003493,2025-05-27,East,Retail,Personal Care,2123,39,2
BATCH-003787,2025-05-27,North,Mobile,Personal Care,7649,146,9
BATCH-004290,2025-05-27,South,Partner,Home,16476,183,10
BATCH-004545,2025-05-27,South,Mobile,Personal Care,9072,182,6
BATCH-004656,2025-05-27,West,Web,Pet Care,8830,127,8
BATCH-004742,2025-05-27,North,Mobile,Grocery,2298,62,4
BATCH-000258,2025-05-28,West,Web,Personal Care,10046,186,11
BATCH-000479,2025-05-28,North,Retail,Pet Care,5638,100,4
BATCH-000610,2025-05-28,South,Mobile,Beverages,5423,183,6
BATCH-000619,2025-05-28,West,Mobile,Grocery,5501,140,8
BATCH-001100,2025-05-28,South,Retail,Beverages,1290,56,3
BATCH-001213,2025-05-28,East,Retail,Beverages,4291,158,4
BATCH-001360,2025-05-28,East,Mobile,Grocery,3219,64,3
BATCH-001397,2025-05-28,North,Mobile,Pet Care,5533,83,3
BATCH-001469,2025-05-28,West,Mobile,Pet Care,10432,156,4
BATCH-001825,2025-05-28,West,Web,Pet Care,7572,136,3
BATCH-002586,2025-05-28,West,Mobile,Pet Care,7629,136,8
BATCH-003234,2025-05-28,West,Mobile,Personal Care,941,21,1
BATCH-003710,2025-05-28,West,Retail,Beverages,2771,105,4
BATCH-003836,2025-05-28,North,Partner,Personal Care,7420,145,5
BATCH-004354,2025-05-28,West,Partner,Pet Care,1670,32,1
BATCH-000014,2025-05-29,South,Web,Grocery,6696,178,7
BATCH-001246,2025-05-29,North,Web,Personal Care,8281,136,4
BATCH-001274,2025-05-29,North,Web,Pet Care,12023,190,8
BATCH-001755,2025-05-29,North,Partner,Grocery,7234,172,7
BATCH-002227,2025-05-29,South,Web,Beverages,5829,177,8
BATCH-002394,2025-05-29,East,Partner,Pet Care,11466,156,2
BATCH-002411,2025-05-29,West,Web,Personal Care,8203,176,10
BATCH-002845,2025-05-29,East,Retail,Home,13530,187,7
BATCH-002896,2025-05-29,South,Partner,Personal Care,8117,169,7
BATCH-003185,2025-05-29,North,Retail,Pet Care,5418,87,3
BATCH-003558,2025-05-29,North,Web,Home,3665,48,2
BATCH-003763,2025-05-29,East,Mobile,Home,5806,76,5
BATCH-004035,2025-05-29,East,Partner,Home,13843,172,10
BATCH-004227,2025-05-29,East,Mobile,Grocery,4590,114,5
BATCH-000294,2025-05-30,East,Partner,Personal Care,6601,146,8
BATCH-001060,2025-05-30,West,Mobile,Pet Care,5726,80,3
BATCH-001117,2025-05-30,South,Web,Beverages,5650,189,8
BATCH-001683,2025-05-30,South,Partner,Personal Care,2172,49,1
BATCH-001931,2025-05-30,South,Retail,Grocery,9443,189,4
BATCH-002298,2025-05-30,West,Retail,Pet Care,9866,137,7
BATCH-002303,2025-05-30,West,Mobile,Home,9896,105,5
BATCH-002331,2025-05-30,East,Partner,Beverages,2992,114,5
BATCH-002648,2025-05-30,North,Retail,Grocery,4345,102,4
BATCH-002969,2025-05-30,South,Retail,Beverages,2019,65,3
BATCH-003534,2025-05-30,East,Mobile,Beverages,3734,142,5
BATCH-004204,2025-05-30,West,Mobile,Beverages,3589,111,6
BATCH-004377,2025-05-30,North,Retail,Pet Care,8904,140,6
BATCH-000049,2025-05-31,North,Web,Pet Care,7581,134,7
BATCH-000117,2025-05-31,North,Mobile,Grocery,3415,90,5
BATCH-000814,2025-05-31,East,Mobile,Pet Care,12822,179,10
BATCH-001134,2025-05-31,East,Partner,Pet Care,9015,154,9
BATCH-001434,2025-05-31,North,Partner,Pet Care,1530,23,1
BATCH-001516,2025-05-31,West,Retail,Personal Care,1768,41,1
BATCH-001639,2025-05-31,North,Retail,Personal Care,7663,135,2
BATCH-002208,2025-05-31,North,Web,Grocery,3047,81,5
BATCH-003029,2025-05-31,North,Retail,Home,4958,65,3
BATCH-003048,2025-05-31,West,Mobile,Home,19188,193,6
BATCH-003259,2025-05-31,West,Mobile,Home,3299,41,1
BATCH-003469,2025-05-31,East,Retail,Personal Care,3955,80,4
BATCH-004153,2025-05-31,West,Mobile,Personal Care,2454,47,1
BATCH-004463,2025-05-31,West,Retail,Home,6592,67,2
BATCH-000266,2025-06-01,North,Partner,Beverages,3935,122,5
BATCH-000861,2025-06-01,North,Retail,Pet Care,6344,96,2
BATCH-001073,2025-06-01,South,Partner,Beverages,3549,119,3
BATCH-001277,2025-06-01,South,Web,Beverages,2163,68,3
BATCH-001474,2025-06-01,East,Partner,Pet Care,14437,200,6
BATCH-001570,2025-06-01,South,Retail,Pet Care,12354,169,7
BATCH-001808,2025-06-01,South,Mobile,Beverages,3822,155,4
BATCH-001852,2025-06-01,East,Mobile,Grocery,6554,129,5
BATCH-002015,2025-06-01,South,Retail,Home,10728,115,5
BATCH-002199,2025-06-01,East,Web,Beverages,1098,44,2
BATCH-002406,2025-06-01,South,Web,Personal Care,6065,110,5
BATCH-002618,2025-06-01,West,Retail,Pet Care,3230,44,2
BATCH-002981,2025-06-01,West,Partner,Beverages,2309,86,2
BATCH-003046,2025-06-01,East,Retail,Beverages,1841,58,2
BATCH-003076,2025-06-01,West,Retail,Pet Care,6683,128,3
BATCH-003204,2025-06-01,South,Mobile,Grocery,5522,131,4
BATCH-003730,2025-06-01,East,Retail,Home,3132,44,1
BATCH-003865,2025-06-01,West,Retail,Grocery,9030,177,7
BATCH-003978,2025-06-01,West,Web,Personal Care,1381,30,2
BATCH-004037,2025-06-01,North,Mobile,Grocery,1324,28,1
BATCH-004334,2025-06-01,West,Partner,Grocery,6584,174,4
BATCH-004391,2025-06-01,South,Retail,Personal Care,4768,110,5
BATCH-004902,2025-06-01,West,Retail,Pet Care,2300,43,1
BATCH-004954,2025-06-01,West,Retail,Beverages,734,25,1
BATCH-000487,2025-06-02,West,Mobile,Pet Care,13475,200,13
BATCH-000725,2025-06-02,East,Mobile,Beverages,5841,177,5
BATCH-001018,2025-06-02,North,Partner,Grocery,5024,113,3
BATCH-001242,2025-06-02,East,Mobile,Pet Care,8040,111,4
BATCH-001631,2025-06-02,West,Mobile,Grocery,5477,124,6
BATCH-002312,2025-06-02,North,Partner,Grocery,6804,170,3
BATCH-002908,2025-06-02,North,Web,Home,3543,49,1
BATCH-003794,2025-06-02,East,Retail,Personal Care,4472,98,5
BATCH-003802,2025-06-02,East,Web,Home,6596,84,3
BATCH-003882,2025-06-02,West,Web,Beverages,4959,191,11
BATCH-004182,2025-06-02,South,Mobile,Pet Care,4995,77,3
BATCH-004252,2025-06-02,North,Retail,Personal Care,6285,113,4
BATCH-004329,2025-06-02,West,Retail,Beverages,2026,81,3
BATCH-004942,2025-06-02,West,Partner,Grocery,6153,162,6
BATCH-000377,2025-06-03,West,Partner,Beverages,3531,148,8
BATCH-000767,2025-06-03,South,Web,Beverages,2900,96,6
BATCH-001746,2025-06-03,North,Mobile,Home,14884,158,10
BATCH-002296,2025-06-03,North,Web,Home,9929,132,6
BATCH-003374,2025-06-03,West,Partner,Pet Care,5075,70,4
BATCH-003627,2025-06-03,East,Mobile,Beverages,873,32,2
BATCH-004130,2025-06-03,North,Mobile,Pet Care,4788,73,4
BATCH-004137,2025-06-03,East,Web,Home,11589,145,5
BATCH-004701,2025-06-03,North,Web,Grocery,3131,63,3
BATCH-000772,2025-06-04,West,Mobile,Home,4034,46,1
BATCH-000909,2025-06-04,East,Web,Home,14709,187,6
BATCH-000969,2025-06-04,West,Partner,Grocery,9425,186,9
BATCH-001021,2025-06-04,West,Retail,Home,14440,146,3
BATCH-001476,2025-06-04,North,Partner,Personal Care,4202,76,3
BATCH-001504,2025-06-04,North,Mobile,Personal Care,5426,126,7
BATCH-001583,2025-06-04,East,Retail,Beverages,5130,188,4
BATCH-002005,2025-06-04,North,Partner,Beverages,4253,171,4
BATCH-002009,2025-06-04,East,Web,Beverages,984,37,2
BATCH-002249,2025-06-04,South,Partner,Grocery,4991,117,3
BATCH-002256,2025-06-04,South,Retail,Beverages,871,36,2
BATCH-002602,2025-06-04,North,Web,Personal Care,4563,86,3
BATCH-003231,2025-06-04,West,Web,Beverages,4940,167,4
BATCH-003463,2025-06-04,West,Mobile,Beverages,1829,58,2
BATCH-003816,2025-06-04,West,Retail,Pet Care,1597,25,1
BATCH-003913,2025-06-04,North,Mobile,Personal Care,10387,178,4
BATCH-004021,2025-06-04,West,Partner,Home,1966,25,1
BATCH-004434,2025-06-04,East,Partner,Beverages,3509,112,4
BATCH-000090,2025-06-05,South,Retail,Home,13168,139,2
BATCH-000536,2025-06-05,West,Retail,Grocery,3003,75,2
BATCH-001163,2025-06-05,East,Mobile,Beverages,4324,183,11
BATCH-001247,2025-06-05,North,Retail,Personal Care,10084,179,9
BATCH-001543,2025-06-05,South,Web,Pet Care,2476,39,2
BATCH-001721,2025-06-05,North,Web,Personal Care,5093,114,3
BATCH-002188,2025-06-05,East,Retail,Personal Care,5934,133,3
BATCH-003203,2025-06-05,South,Retail,Grocery,3611,89,1
BATCH-004333,2025-06-05,North,Mobile,Beverages,1837,58,2
BATCH-004572,2025-06-05,West,Retail,Personal Care,7066,152,4
BATCH-004726,2025-06-05,South,Mobile,Grocery,5564,120,4
BATCH-000321,2025-06-06,South,Retail,Beverages,5603,180,4
BATCH-000353,2025-06-06,North,Mobile,Pet Care,13293,184,11
BATCH-000559,2025-06-06,South,Retail,Home,9746,98,1
BATCH-000587,2025-06-06,South,Retail,Grocery,4586,116,5
BATCH-000595,2025-06-06,North,Partner,Personal Care,2874,47,2
BATCH-000704,2025-06-06,South,Retail,Personal Care,5438,127,4
BATCH-000865,2025-06-06,South,Web,Home,12562,148,9
BATCH-001362,2025-06-06,South,Web,Pet Care,9822,182,10
BATCH-001493,2025-06-06,South,Mobile,Grocery,9390,184,6
BATCH-001495,2025-06-06,South,Mobile,Home,15767,191,9
BATCH-002069,2025-06-06,North,Mobile,Beverages,2172,81,4
BATCH-002977,2025-06-06,North,Web,Home,15308,185,10
BATCH-003056,2025-06-06,East,Mobile,Pet Care,6542,99,4
BATCH-003325,2025-06-06,South,Mobile,Pet Care,13495,184,8
BATCH-004359,2025-06-06,South,Partner,Home,3491,40,1
BATCH-004392,2025-06-06,East,Web,Beverages,3281,127,4
BATCH-004652,2025-06-06,North,Retail,Personal Care,6277,112,3
BATCH-004885,2025-06-06,South,Mobile,Home,6915,80,4
BATCH-000144,2025-06-07,East,Mobile,Personal Care,6826,129,7
BATCH-001782,2025-06-07,North,Partner,Grocery,7166,144,6
BATCH-002351,2025-06-07,North,Mobile,Grocery,7714,155,10
BATCH-002584,2025-06-07,North,Retail,Beverages,1752,58,1
BATCH-002696,2025-06-07,North,Mobile,Beverages,4234,129,8
BATCH-003499,2025-06-07,North,Mobile,Grocery,1807,39,1
BATCH-004514,2025-06-07,West,Mobile,Personal Care,3675,64,2
BATCH-000380,2025-06-08,North,Web,Grocery,2693,58,1
BATCH-000686,2025-06-08,East,Partner,Beverages,4364,186,3
BATCH-000734,2025-06-08,North,Web,Beverages,4145,126,3
BATCH-001485,2025-06-08,West,Partner,Home,3238,40,1
BATCH-001984,2025-06-08,North,Web,Beverages,2221,89,5
BATCH-002641,2025-06-08,East,Mobile,Pet Care,7340,103,2
BATCH-002701,2025-06-08,West,Partner,Beverages,2984,111,4
BATCH-003130,2025-06-08,West,Partner,Grocery,8697,183,3
BATCH-003243,2025-06-08,West,Partner,Pet Care,3770,61,2
BATCH-003718,2025-06-08,East,Web,Beverages,749,30,2
BATCH-003964,2025-06-08,South,Partner,Grocery,4101,107,5
BATCH-004111,2025-06-08,East,Retail,Grocery,6585,130,5
BATCH-004155,2025-06-08,South,Mobile,Personal Care,3268,57,2
BATCH-004447,2025-06-08,South,Web,Pet Care,10371,197,6
BATCH-004547,2025-06-08,South,Mobile,Personal Care,4006,66,3
BATCH-004842,2025-06-08,North,Mobile,Pet Care,3139,43,3
BATCH-004904,2025-06-08,East,Partner,Home,16957,177,3
BATCH-004928,2025-06-08,East,Retail,Personal Care,6012,112,2
BATCH-004989,2025-06-08,South,Mobile,Beverages,4231,138,6
BATCH-000083,2025-06-09,South,Web,Grocery,2901,80,4
BATCH-000197,2025-06-09,South,Partner,Beverages,3570,111,5
BATCH-000315,2025-06-09,North,Retail,Beverages,1618,57,1
BATCH-000530,2025-06-09,East,Mobile,Personal Care,5379,108,7
BATCH-000912,2025-06-09,West,Web,Personal Care,4011,72,3
BATCH-001122,2025-06-09,East,Partner,Beverages,3733,133,6
BATCH-001217,2025-06-09,West,Partner,Grocery,6914,169,6
BATCH-002960,2025-06-09,West,Web,Grocery,6907,178,10
BATCH-003381,2025-06-09,South,Web,Personal Care,4206,88,5
BATCH-003511,2025-06-09,West,Web,Home,3272,35,1
BATCH-004108,2025-06-09,North,Web,Personal Care,5203,102,6
BATCH-004287,2025-06-09,East,Web,Pet Care,10240,181,10
BATCH-004803,2025-06-09,East,Web,Grocery,6927,145,4
BATCH-004978,2025-06-09,West,Mobile,Personal Care,2370,46,1
BATCH-000133,2025-06-10,West,Partner,Beverages,4943,152,5
BATCH-000162,2025-06-10,East,Web,Pet Care,8422,116,4
BATCH-000171,2025-06-10,East,Partner,Pet Care,6510,105,5
BATCH-000173,2025-06-10,West,Partner,Personal Care,7411,129,2
BATCH-000486,2025-06-10,West,Partner,Home,3658,49,2
BATCH-000616,2025-06-10,South,Retail,Home,12492,156,2
BATCH-000868,2025-06-10,West,Partner,Pet Care,1709,25,0
BATCH-001829,2025-06-10,East,Retail,Beverages,4909,153,3
BATCH-002173,2025-06-10,East,Partner,Personal Care,6946,139,6
BATCH-002343,2025-06-10,West,Web,Beverages,2241,72,3
BATCH-002419,2025-06-10,East,Retail,Beverages,1772,57,2
BATCH-003279,2025-06-10,West,Mobile,Personal Care,7921,142,4
BATCH-003784,2025-06-10,South,Partner,Personal Care,4404,96,4
BATCH-004200,2025-06-10,East,Web,Home,7902,81,5
BATCH-004552,2025-06-10,South,Web,Pet Care,5928,81,2
BATCH-004670,2025-06-10,East,Mobile,Pet Care,11404,175,8
BATCH-004811,2025-06-10,South,Mobile,Home,11872,117,7
BATCH-000328,2025-06-11,East,Retail,Grocery,4234,82,2
BATCH-000357,2025-06-11,South,Partner,Home,15376,187,9
BATCH-000774,2025-06-11,South,Partner,Beverages,507,21,0
BATCH-001004,2025-06-11,South,Partner,Beverages,1857,72,1
BATCH-001118,2025-06-11,South,Mobile,Pet Care,12832,192,12
BATCH-001223,2025-06-11,East,Mobile,Pet Care,9263,165,4
BATCH-002930,2025-06-11,West,Partner,Pet Care,5062,82,4
BATCH-003298,2025-06-11,West,Partner,Grocery,3443,82,1
BATCH-003321,2025-06-11,South,Partner,Personal Care,10114,171,8
BATCH-003751,2025-06-11,South,Partner,Home,4045,51,2
BATCH-004346,2025-06-11,South,Partner,Home,6576,87,2
BATCH-004407,2025-06-11,North,Retail,Pet Care,9886,134,6
BATCH-000082,2025-06-12,South,Partner,Pet Care,14100,196,10
BATCH-000827,2025-06-12,South,Retail,Personal Care,3109,64,1
BATCH-000948,2025-06-12,North,Web,Personal Care,4531,83,4
BATCH-001239,2025-06-12,East,Retail,Home,8593,111,3
BATCH-001477,2025-06-12,West,Partner,Home,11460,116,6
BATCH-001623,2025-06-12,North,Partner,Personal Care,8096,151,6
BATCH-001955,2025-06-12,East,Retail,Personal Care,4144,82,3
BATCH-002654,2025-06-12,North,Partner,Grocery,3960,106,2
BATCH-003057,2025-06-12,South,Mobile,Grocery,3918,79,3
BATCH-003379,2025-06-12,East,Mobile,Home,3266,43,1
BATCH-003927,2025-06-12,North,Retail,Grocery,7048,154,6
BATCH-004414,2025-06-12,North,Mobile,Pet Care,8062,156,4
BATCH-004481,2025-06-12,South,Mobile,Personal Care,4097,91,2
BATCH-004650,2025-06-12,North,Mobile,Pet Care,7643,144,4
BATCH-004896,2025-06-12,North,Web,Home,8860,104,3
BATCH-000026,2025-06-13,West,Partner,Personal Care,8365,173,5
BATCH-000256,2025-06-13,South,Web,Personal Care,1491,26,1
BATCH-001000,2025-06-13,South,Mobile,Grocery,1865,37,2
BATCH-001026,2025-06-13,South,Mobile,Personal Care,8367,167,5
BATCH-001051,2025-06-13,West,Web,Beverages,3584,115,7
BATCH-001057,2025-06-13,West,Partner,Personal Care,4846,100,4
BATCH-001549,2025-06-13,East,Partner,Personal Care,9104,176,3
BATCH-001733,2025-06-13,North,Web,Pet Care,7222,100,3
BATCH-002425,2025-06-13,East,Partner,Pet Care,9584,155,5
BATCH-002541,2025-06-13,East,Mobile,Personal Care,5490,98,6
BATCH-002670,2025-06-13,North,Retail,Personal Care,1237,29,1
BATCH-003053,2025-06-13,South,Partner,Personal Care,10723,177,8
BATCH-003208,2025-06-13,South,Partner,Pet Care,6243,105,5
BATCH-004027,2025-06-13,West,Retail,Personal Care,2014,33,1
BATCH-004075,2025-06-13,South,Retail,Beverages,5292,168,4
BATCH-004339,2025-06-13,West,Mobile,Grocery,1738,39,2
BATCH-004490,2025-06-13,South,Retail,Grocery,1928,47,2
BATCH-000063,2025-06-14,North,Web,Personal Care,8268,146,8
BATCH-000435,2025-06-14,North,Web,Beverages,3021,127,6
BATCH-000799,2025-06-14,North,Partner,Pet Care,2764,38,1
BATCH-000941,2025-06-14,North,Mobile,Grocery,1316,30,1
BATCH-001338,2025-06-14,North,Mobile,Pet Care,10187,171,8
BATCH-001568,2025-06-14,East,Retail,Beverages,2718,91,2
BATCH-001626,2025-06-14,North,Retail,Personal Care,5117,100,2
BATCH-002814,2025-06-14,West,Partner,Personal Care,3055,63,2
BATCH-003268,2025-06-14,East,Partner,Personal Care,9942,173,8
BATCH-003484,2025-06-14,West,Retail,Personal Care,4486,88,5
BATCH-003510,2025-06-14,North,Mobile,Personal Care,2227,52,3
BATCH-003946,2025-06-14,North,Retail,Pet Care,4445,64,1
BATCH-004698,2025-06-14,West,Mobile,Personal Care,8855,188,12
BATCH-001795,2025-06-15,South,Retail,Home,14995,190,4
BATCH-001843,2025-06-15,West,Web,Personal Care,1761,38,2
BATCH-001985,2025-06-15,East,Web,Home,13368,173,11
BATCH-002026,2025-06-15,East,Mobile,Beverages,4198,158,5
BATCH-002473,2025-06-15,South,Partner,Grocery,1519,37,1
BATCH-002797,2025-06-15,East,Partner,Personal Care,8934,198,3
BATCH-002902,2025-06-15,West,Retail,Grocery,1145,28,1
BATCH-003094,2025-06-15,West,Web,Grocery,5736,146,6
BATCH-003143,2025-06-15,East,Mobile,Grocery,2390,47,2
BATCH-003452,2025-06-15,North,Partner,Beverages,3386,116,3
BATCH-000037,2025-06-16,West,Mobile,Personal Care,7916,165,5
BATCH-000046,2025-06-16,East,Mobile,Pet Care,6218,111,5
BATCH-000429,2025-06-16,East,Web,Grocery,3901,92,5
BATCH-000508,2025-06-16,North,Mobile,Home,4228,42,1
BATCH-000558,2025-06-16,South,Web,Personal Care,8014,181,11
BATCH-000573,2025-06-16,South,Web,Beverages,1767,74,2
BATCH-001312,2025-06-16,South,Mobile,Home,16367,186,5
BATCH-001422,2025-06-16,North,Web,Beverages,4137,141,8
BATCH-002103,2025-06-16,East,Mobile,Grocery,2546,57,2
BATCH-002155,2025-06-16,North,Web,Personal Care,6278,108,4
BATCH-002482,2025-06-16,South,Retail,Pet Care,4744,69,4
BATCH-002486,2025-06-16,North,Mobile,Personal Care,9412,182,4
BATCH-002616,2025-06-16,North,Web,Personal Care,7047,118,6
BATCH-002828,2025-06-16,East,Partner,Beverages,3553,113,3
BATCH-003427,2025-06-16,East,Partner,Beverages,3188,101,2
BATCH-003621,2025-06-16,East,Web,Home,3279,37,2
BATCH-004457,2025-06-16,North,Web,Beverages,1457,53,1
BATCH-004461,2025-06-16,South,Partner,Pet Care,5548,103,4
BATCH-004493,2025-06-16,North,Retail,Pet Care,14378,200,9
BATCH-000008,2025-06-17,South,Mobile,Pet Care,7715,116,5
BATCH-000446,2025-06-17,North,Partner,Beverages,892,34,1
BATCH-001303,2025-06-17,South,Retail,Personal Care,4562,85,4
BATCH-002678,2025-06-17,West,Web,Personal Care,9555,189,8
BATCH-002710,2025-06-17,South,Mobile,Beverages,1923,66,2
BATCH-003560,2025-06-17,West,Retail,Home,13634,169,4
BATCH-003844,2025-06-17,South,Mobile,Personal Care,9420,183,10
BATCH-004327,2025-06-17,North,Web,Grocery,9383,185,4
BATCH-000190,2025-06-18,North,Web,Grocery,3840,81,5
BATCH-000206,2025-06-18,East,Web,Grocery,3812,98,4
BATCH-001426,2025-06-18,North,Web,Grocery,5233,106,6
BATCH-001709,2025-06-18,North,Partner,Home,18140,191,9
BATCH-001989,2025-06-18,South,Web,Home,9932,119,7
BATCH-002117,2025-06-18,South,Web,Personal Care,2321,48,2
BATCH-002461,2025-06-18,West,Mobile,Personal Care,5808,104,4
BATCH-002716,2025-06-18,East,Mobile,Grocery,7073,187,9
BATCH-003106,2025-06-18,West,Mobile,Personal Care,3400,56,2
BATCH-003630,2025-06-18,East,Mobile,Personal Care,7380,131,5
BATCH-003788,2025-06-18,East,Mobile,Grocery,5966,134,6
BATCH-000007,2025-06-19,East,Retail,Personal Care,2051,45,2
BATCH-000485,2025-06-19,East,Partner,Beverages,2295,73,4
BATCH-001173,2025-06-19,North,Web,Grocery,6646,150,9
BATCH-001221,2025-06-19,West,Mobile,Home,14403,176,9
BATCH-001908,2025-06-19,East,Mobile,Home,8683,109,7
BATCH-002046,2025-06-19,East,Retail,Beverages,619,25,1
BATCH-002802,2025-06-19,East,Mobile,Personal Care,4219,78,4
BATCH-003032,2025-06-19,North,Web,Pet Care,2509,34,2
BATCH-003579,2025-06-19,West,Mobile,Beverages,1564,48,1
BATCH-004104,2025-06-19,East,Mobile,Pet Care,5795,90,4
BATCH-004159,2025-06-19,West,Mobile,Beverages,2831,88,5
BATCH-004645,2025-06-19,East,Partner,Pet Care,5215,100,5
BATCH-000115,2025-06-20,South,Partner,Grocery,7911,160,4
BATCH-000307,2025-06-20,North,Retail,Grocery,7440,184,9
BATCH-001792,2025-06-20,East,Web,Grocery,5990,139,7
BATCH-002226,2025-06-20,North,Mobile,Grocery,5315,127,4
BATCH-002287,2025-06-20,West,Web,Home,12257,164,10
BATCH-002543,2025-06-20,North,Mobile,Personal Care,8868,192,4
BATCH-002989,2025-06-20,West,Mobile,Beverages,2030,84,5
BATCH-003200,2025-06-20,West,Retail,Home,10021,99,5
BATCH-003229,2025-06-20,West,Retail,Beverages,1239,39,2
BATCH-003909,2025-06-20,West,Retail,Pet Care,11495,174,10
BATCH-003960,2025-06-20,North,Mobile,Personal Care,8336,138,7
BATCH-004959,2025-06-20,West,Web,Home,5221,69,2
BATCH-000259,2025-06-21,East,Retail,Beverages,3030,98,5
BATCH-000743,2025-06-21,East,Retail,Pet Care,4459,63,1
BATCH-000845,2025-06-21,West,Web,Home,9561,110,6
BATCH-000922,2025-06-21,North,Web,Pet Care,5529,97,3
BATCH-001099,2025-06-21,East,Retail,Personal Care,2496,45,1
BATCH-001112,2025-06-21,North,Retail,Pet Care,1476,27,0
BATCH-001146,2025-06-21,West,Web,Grocery,3565,78,2
BATCH-002042,2025-06-21,South,Partner,Pet Care,6024,114,6
BATCH-002043,2025-06-21,West,Web,Beverages,4183,159,4
BATCH-002150,2025-06-21,West,Retail,Personal Care,5584,127,2
BATCH-002747,2025-06-21,South,Retail,Personal Care,2917,62,3
BATCH-002891,2025-06-21,North,Mobile,Grocery,6109,151,9
BATCH-003311,2025-06-21,North,Retail,Grocery,3242,73,4
BATCH-003503,2025-06-21,West,Retail,Home,3565,48,2
BATCH-003786,2025-06-21,South,Retail,Beverages,3547,117,6
BATCH-003912,2025-06-21,West,Partner,Pet Care,1863,34,2
BATCH-003992,2025-06-21,North,Retail,Grocery,1361,32,1
BATCH-004185,2025-06-21,North,Partner,Personal Care,5743,98,4
BATCH-000664,2025-06-22,West,Mobile,Grocery,2237,55,3
BATCH-001371,2025-06-22,East,Partner,Home,8218,106,2
BATCH-001513,2025-06-22,West,Retail,Personal Care,5696,109,5
BATCH-001704,2025-06-22,South,Retail,Grocery,4096,109,5
BATCH-002215,2025-06-22,South,Web,Grocery,7595,168,6
BATCH-002408,2025-06-22,East,Mobile,Home,5242,59,1
BATCH-002412,2025-06-22,North,Web,Beverages,2277,70,2
BATCH-002948,2025-06-22,East,Partner,Home,12905,128,2
BATCH-003140,2025-06-22,South,Web,Home,15822,195,12
BATCH-003218,2025-06-22,East,Web,Home,18292,190,8
BATCH-003328,2025-06-22,South,Mobile,Beverages,864,34,1
BATCH-003358,2025-06-22,West,Web,Beverages,792,24,1
BATCH-003411,2025-06-22,West,Retail,Personal Care,4681,79,1
BATCH-003823,2025-06-22,South,Web,Beverages,4248,130,4
BATCH-003999,2025-06-22,North,Partner,Home,5187,54,2
BATCH-004087,2025-06-22,East,Retail,Grocery,3410,94,2
BATCH-004306,2025-06-22,South,Mobile,Personal Care,4807,89,4
BATCH-000156,2025-06-23,West,Web,Home,15862,160,5
BATCH-000196,2025-06-23,East,Retail,Personal Care,9306,157,6
BATCH-000295,2025-06-23,West,Web,Beverages,1757,66,3
BATCH-000653,2025-06-23,South,Partner,Personal Care,1944,44,2
BATCH-000853,2025-06-23,South,Web,Home,5127,57,2
BATCH-000870,2025-06-23,East,Retail,Beverages,4327,177,8
BATCH-001320,2025-06-23,North,Partner,Beverages,1108,42,2
BATCH-001791,2025-06-23,East,Mobile,Personal Care,8805,186,5
BATCH-002180,2025-06-23,South,Mobile,Grocery,2923,58,3
BATCH-002611,2025-06-23,South,Mobile,Grocery,5054,118,7
BATCH-002980,2025-06-23,South,Partner,Pet Care,4382,75,2
BATCH-003037,2025-06-23,North,Partner,Home,2918,40,1
BATCH-003109,2025-06-23,North,Partner,Home,17383,199,9
BATCH-003373,2025-06-23,West,Partner,Personal Care,4025,74,1
BATCH-003405,2025-06-23,East,Mobile,Grocery,4547,97,6
BATCH-003746,2025-06-23,West,Retail,Home,6327,88,5
BATCH-003759,2025-06-23,South,Web,Home,12479,175,10
BATCH-004535,2025-06-23,West,Retail,Pet Care,12801,187,7
BATCH-004611,2025-06-23,East,Partner,Grocery,5627,115,4
BATCH-000298,2025-06-24,West,Web,Personal Care,7702,136,9
BATCH-000699,2025-06-24,North,Retail,Beverages,3946,142,6
BATCH-000991,2025-06-24,North,Mobile,Grocery,3966,103,5
BATCH-001186,2025-06-24,East,Retail,Beverages,3977,140,3
BATCH-002045,2025-06-24,West,Web,Pet Care,12990,197,12
BATCH-002166,2025-06-24,East,Partner,Home,10664,123,2
BATCH-002946,2025-06-24,West,Mobile,Pet Care,8062,111,5
BATCH-003953,2025-06-24,West,Retail,Pet Care,8110,128,7
BATCH-004785,2025-06-24,South,Web,Grocery,4596,117,3
BATCH-000385,2025-06-25,North,Partner,Personal Care,8254,191,9
BATCH-000529,2025-06-25,West,Mobile,Home,15341,164,4
BATCH-000544,2025-06-25,East,Retail,Personal Care,4337,88,1
BATCH-001096,2025-06-25,West,Web,Beverages,1048,41,2
BATCH-001952,2025-06-25,West,Mobile,Beverages,4215,153,9
BATCH-002547,2025-06-25,East,Partner,Home,11237,137,7
BATCH-002881,2025-06-25,West,Partner,Grocery,5541,141,8
BATCH-003252,2025-06-25,South,Mobile,Grocery,8205,197,7
BATCH-003481,2025-06-25,North,Retail,Personal Care,5465,111,6
BATCH-004208,2025-06-25,North,Retail,Beverages,1825,73,3
BATCH-004428,2025-06-25,West,Retail,Personal Care,1970,43,2
BATCH-004473,2025-06-25,North,Mobile,Pet Care,3449,59,2
BATCH-004489,2025-06-25,West,Mobile,Pet Care,2863,42,2
BATCH-004672,2025-06-25,West,Web,Home,10268,114,7
BATCH-004923,2025-06-25,West,Web,Pet Care,11211,180,11
BATCH-000065,2025-06-26,East,Partner,Beverages,2632,97,2
BATCH-000924,2025-06-26,East,Mobile,Home,13271,159,9
BATCH-001037,2025-06-26,East,Mobile,Home,1938,21,1
BATCH-002098,2025-06-26,North,Web,Beverages,4275,168,8
BATCH-002247,2025-06-26,East,Web,Grocery,1318,29,1
BATCH-002491,2025-06-26,South,Mobile,Home,7622,93,3
BATCH-002751,2025-06-26,North,Retail,Beverages,5793,189,8
BATCH-002770,2025-06-26,West,Partner,Grocery,4867,131,3
BATCH-003745,2025-06-26,East,Mobile,Pet Care,8855,169,9
BATCH-004044,2025-06-26,East,Partner,Personal Care,8686,199,7
BATCH-004177,2025-06-26,East,Mobile,Pet Care,4998,96,4
BATCH-004341,2025-06-26,East,Retail,Personal Care,1197,21,1
BATCH-004538,2025-06-26,West,Retail,Pet Care,4889,81,5
BATCH-004621,2025-06-26,South,Web,Grocery,3774,81,5
BATCH-004881,2025-06-26,East,Mobile,Beverages,717,28,2
BATCH-000300,2025-06-27,South,Partner,Personal Care,3374,76,1
BATCH-000583,2025-06-27,West,Partner,Grocery,5198,103,4
BATCH-001080,2025-06-27,North,Mobile,Personal Care,2782,59,3
BATCH-001201,2025-06-27,East,Partner,Home,11035,116,5
BATCH-001430,2025-06-27,South,Mobile,Personal Care,7021,128,6
BATCH-001650,2025-06-27,South,Retail,Grocery,1278,34,1
BATCH-001815,2025-06-27,West,Web,Personal Care,6550,126,6
BATCH-001980,2025-06-27,West,Web,Pet Care,11020,155,4
BATCH-002063,2025-06-27,North,Retail,Pet Care,1688,26,1
BATCH-002444,2025-06-27,West,Retail,Home,14658,147,5
BATCH-002878,2025-06-27,South,Web,Home,12115,131,3
BATCH-002935,2025-06-27,South,Mobile,Pet Care,7193,127,5
BATCH-003871,2025-06-27,East,Web,Beverages,1033,38,2
BATCH-004024,2025-06-27,North,Retail,Personal Care,8388,141,3
BATCH-004231,2025-06-27,East,Mobile,Home,11058,112,5
BATCH-004243,2025-06-27,South,Web,Pet Care,11761,165,5
BATCH-004838,2025-06-27,North,Partner,Grocery,7832,198,6
BATCH-001742,2025-06-28,North,Mobile,Personal Care,3914,90,5
BATCH-002013,2025-06-28,East,Partner,Grocery,4491,104,5
BATCH-003127,2025-06-28,South,Partner,Grocery,5139,108,2
BATCH-003619,2025-06-28,West,Partner,Beverages,2801,98,2
BATCH-004559,2025-06-28,South,Web,Grocery,5903,130,5
BATCH-004973,2025-06-28,North,Mobile,Grocery,7046,144,5
BATCH-000004,2025-06-29,West,Partner,Personal Care,5003,99,5
BATCH-000035,2025-06-29,West,Retail,Home,2502,33,1
BATCH-000492,2025-06-29,South,Retail,Pet Care,2791,54,3
BATCH-002492,2025-06-29,North,Retail,Home,9886,114,2
BATCH-002727,2025-06-29,North,Mobile,Home,2619,33,1
BATCH-003193,2025-06-29,South,Retail,Home,2624,29,1
BATCH-003387,2025-06-29,South,Web,Grocery,2918,70,2
BATCH-003585,2025-06-29,East,Web,Beverages,4824,180,4
BATCH-004147,2025-06-29,East,Web,Pet Care,6686,98,2
BATCH-004632,2025-06-29,West,Mobile,Beverages,1773,72,2
BATCH-001987,2025-06-30,North,Retail,Grocery,3609,85,3
BATCH-002035,2025-06-30,East,Retail,Personal Care,1308,24,0
BATCH-002440,2025-06-30,West,Retail,Home,7730,103,3
BATCH-003063,2025-06-30,West,Web,Beverages,2695,100,6
BATCH-003131,2025-06-30,East,Web,Home,17030,179,7
BATCH-003256,2025-06-30,South,Partner,Personal Care,5610,97,4
BATCH-003566,2025-06-30,East,Mobile,Pet Care,3479,66,2
BATCH-004228,2025-06-30,West,Mobile,Grocery,4021,99,6
BATCH-004351,2025-06-30,North,Mobile,Beverages,4119,135,9
BATCH-004499,2025-06-30,North,Web,Grocery,3230,68,3
BATCH-004500,2025-06-30,South,Mobile,Pet Care,9404,138,5
BATCH-004678,2025-06-30,East,Retail,Pet Care,5196,99,3
BATCH-000459,2025-07-01,South,Web,Beverages,4492,173,11
BATCH-000733,2025-07-01,West,Mobile,Pet Care,1912,33,2
BATCH-001133,2025-07-01,South,Mobile,Pet Care,10466,147,9
BATCH-002120,2025-07-01,North,Partner,Pet Care,4099,78,3
BATCH-002170,2025-07-01,East,Web,Grocery,2082,42,2
BATCH-002386,2025-07-01,North,Partner,Pet Care,3701,56,2
BATCH-002544,2025-07-01,South,Mobile,Personal Care,6989,162,10
BATCH-002683,2025-07-01,East,Partner,Personal Care,10181,190,4
BATCH-003052,2025-07-01,North,Mobile,Grocery,1825,49,2
BATCH-003079,2025-07-01,South,Retail,Home,11456,141,5
BATCH-004210,2025-07-01,West,Web,Pet Care,7351,138,7
BATCH-004383,2025-07-01,West,Partner,Grocery,4572,112,2
BATCH-004931,2025-07-01,South,Partner,Beverages,2355,88,5
BATCH-000431,2025-07-02,East,Mobile,Pet Care,10436,147,6
BATCH-001129,2025-07-02,North,Web,Home,12499,158,7
BATCH-001225,2025-07-02,South,Partner,Grocery,7334,163,8
BATCH-001311,2025-07-02,West,Web,Grocery,992,24,1
BATCH-001378,2025-07-02,North,Partner,Home,7221,101,5
BATCH-001511,2025-07-02,East,Web,Beverages,4770,169,8
BATCH-001943,2025-07-02,East,Web,Beverages,5365,178,11
BATCH-001956,2025-07-02,West,Mobile,Home,7176,95,5
BATCH-002217,2025-07-02,South,Partner,Personal Care,1548,35,1
BATCH-002750,2025-07-02,East,Web,Beverages,1496,62,4
BATCH-002844,2025-07-02,East,Retail,Home,2623,30,1
BATCH-003205,2025-07-02,South,Web,Pet Care,8052,132,9
BATCH-003475,2025-07-02,West,Mobile,Pet Care,5883,90,4
BATCH-003491,2025-07-02,East,Retail,Home,13715,147,6
BATCH-003767,2025-07-02,South,Web,Pet Care,9901,170,11
BATCH-004028,2025-07-02,North,Partner,Grocery,1318,26,1
BATCH-004167,2025-07-02,West,Retail,Home,10098,123,6
BATCH-004977,2025-07-02,South,Mobile,Grocery,7529,153,5
BATCH-004990,2025-07-02,North,Partner,Home,3783,49,1
BATCH-000494,2025-07-03,East,Mobile,Home,6124,64,2
BATCH-000637,2025-07-03,West,Web,Pet Care,6706,91,5
BATCH-000911,2025-07-03,West,Web,Pet Care,2049,28,1
BATCH-001772,2025-07-03,South,Partner,Pet Care,4181,80,3
BATCH-001924,2025-07-03,North,Mobile,Pet Care,9531,164,5
BATCH-002295,2025-07-03,East,Partner,Beverages,691,25,1
BATCH-002939,2025-07-03,West,Mobile,Pet Care,2039,39,1
BATCH-003198,2025-07-03,West,Web,Home,13196,184,8
BATCH-003479,2025-07-03,West,Retail,Personal Care,8959,188,6
BATCH-003530,2025-07-03,South,Web,Beverages,4197,128,6
BATCH-004045,2025-07-03,North,Mobile,Beverages,945,41,3
BATCH-004320,2025-07-03,East,Web,Home,3447,42,3
BATCH-004411,2025-07-03,South,Partner,Grocery,4563,114,5
BATCH-004960,2025-07-03,West,Web,Beverages,4604,174,6
BATCH-000407,2025-07-04,East,Partner,Grocery,1264,35,1
BATCH-000428,2025-07-04,North,Mobile,Beverages,1700,55,2
BATCH-000649,2025-07-04,West,Partner,Beverages,685,24,0
BATCH-002051,2025-07-04,South,Partner,Home,19023,195,6
BATCH-002445,2025-07-04,North,Mobile,Grocery,4878,94,5
BATCH-002884,2025-07-04,North,Retail,Home,3138,43,2
BATCH-003446,2025-07-04,West,Mobile,Grocery,3171,76,2
BATCH-003916,2025-07-04,North,Web,Home,18190,195,10
BATCH-000209,2025-07-05,West,Retail,Pet Care,5431,82,3
BATCH-001124,2025-07-05,North,Retail,Home,12451,125,5
BATCH-001828,2025-07-05,South,Partner,Personal Care,5492,99,5
BATCH-002372,2025-07-05,West,Web,Pet Care,10785,146,8
BATCH-002921,2025-07-05,South,Mobile,Personal Care,6733,126,5
BATCH-002985,2025-07-05,North,Partner,Home,13345,182,8
BATCH-003016,2025-07-05,North,Retail,Grocery,5276,130,6
BATCH-003099,2025-07-05,North,Partner,Personal Care,10793,189,9
BATCH-003227,2025-07-05,West,Retail,Pet Care,7815,150,2
BATCH-003235,2025-07-05,South,Partner,Home,12889,179,5
BATCH-003333,2025-07-05,South,Mobile,Home,4893,60,3
BATCH-003416,2025-07-05,South,Mobile,Grocery,3354,91,6
BATCH-003507,2025-07-05,West,Web,Home,4869,57,3
BATCH-004144,2025-07-05,West,Retail,Grocery,7410,178,6
BATCH-004270,2025-07-05,South,Partner,Grocery,6709,141,6
BATCH-004281,2025-07-05,South,Partner,Personal Care,2026,35,1
BATCH-000081,2025-07-06,North,Web,Pet Care,11311,153,5
BATCH-000131,2025-07-06,East,Mobile,Personal Care,10076,173,6
BATCH-000432,2025-07-06,South,Mobile,Home,12897,158,10
BATCH-000665,2025-07-06,West,Mobile,Grocery,5953,160,8
BATCH-000692,2025-07-06,North,Web,Personal Care,10531,197,11
BATCH-000873,2025-07-06,West,Web,Home,7912,86,5
BATCH-001174,2025-07-06,South,Web,Pet Care,9104,143,3
BATCH-001215,2025-07-06,North,Partner,Beverages,2143,88,4
BATCH-001665,2025-07-06,North,Mobile,Home,6971,95,3
BATCH-001886,2025-07-06,East,Partner,Beverages,725,22,0
BATCH-002367,2025-07-06,South,Mobile,Grocery,1734,45,2
BATCH-002405,2025-07-06,South,Partner,Pet Care,8812,136,2
BATCH-002488,2025-07-06,North,Mobile,Personal Care,8162,167,9
BATCH-002972,2025-07-06,West,Partner,Home,13674,178,9
BATCH-003539,2025-07-06,East,Partner,Grocery,4268,96,3
BATCH-003562,2025-07-06,East,Retail,Beverages,1665,61,2
BATCH-003588,2025-07-06,North,Web,Pet Care,12053,166,7
BATCH-000009,2025-07-07,West,Retail,Beverages,3693,119,5
BATCH-000379,2025-07-07,West,Retail,Grocery,6220,154,6
BATCH-002273,2025-07-07,East,Retail,Pet Care,4461,84,4
BATCH-002276,2025-07-07,West,Mobile,Grocery,2701,53,3
BATCH-002836,2025-07-07,South,Partner,Personal Care,6209,141,4
BATCH-003176,2025-07-07,South,Web,Home,4508,45,2
BATCH-003505,2025-07-07,North,Mobile,Grocery,9308,181,9
BATCH-003544,2025-07-07,West,Web,Grocery,881,23,1
BATCH-003670,2025-07-07,North,Mobile,Personal Care,7803,142,4
BATCH-004328,2025-07-07,South,Web,Home,1884,20,1
BATCH-001325,2025-07-08,West,Mobile,Home,7930,94,3
BATCH-001726,2025-07-08,West,Retail,Pet Care,7629,113,3
BATCH-001878,2025-07-08,North,Partner,Home,8271,101,4
BATCH-003244,2025-07-08,North,Mobile,Grocery,3204,64,3
BATCH-003944,2025-07-08,West,Mobile,Pet Care,11646,171,11
BATCH-000471,2025-07-09,South,Web,Home,11218,116,4
BATCH-000938,2025-07-09,East,Retail,Personal Care,7173,157,6
BATCH-001098,2025-07-09,East,Web,Grocery,5097,128,5
BATCH-001614,2025-07-09,East,Partner,Beverages,2896,96,3
BATCH-002255,2025-07-09,South,Partner,Personal Care,8843,169,6
BATCH-002322,2025-07-09,West,Partner,Home,4758,63,3
BATCH-002813,2025-07-09,West,Partner,Pet Care,4627,74,1
BATCH-003090,2025-07-09,West,Web,Home,10579,127,3
BATCH-003394,2025-07-09,North,Mobile,Personal Care,10875,195,5
BATCH-003597,2025-07-09,East,Partner,Pet Care,9922,167,5
BATCH-003672,2025-07-09,South,Partner,Grocery,2770,60,3
BATCH-003820,2025-07-09,West,Retail,Pet Care,2215,30,2
BATCH-003843,2025-07-09,East,Web,Home,3045,31,1
BATCH-003961,2025-07-09,North,Mobile,Pet Care,10288,152,5
BATCH-004759,2025-07-09,South,Web,Pet Care,8102,140,7
BATCH-004781,2025-07-09,West,Partner,Pet Care,6708,119,5
BATCH-004831,2025-07-09,West,Mobile,Beverages,853,31,1
BATCH-000086,2025-07-10,South,Partner,Beverages,4335,134,7
BATCH-000093,2025-07-10,East,Mobile,Home,10071,120,5
BATCH-000304,2025-07-10,East,Partner,Home,5480,62,1
BATCH-000467,2025-07-10,North,Retail,Grocery,1153,27,1
BATCH-000525,2025-07-10,North,Retail,Pet Care,13007,188,10
BATCH-000542,2025-07-10,East,Web,Grocery,5818,125,7
BATCH-000957,2025-07-10,East,Mobile,Pet Care,10594,162,4
BATCH-001471,2025-07-10,North,Retail,Grocery,5768,123,6
BATCH-001678,2025-07-10,West,Retail,Home,9188,103,5
BATCH-001806,2025-07-10,East,Mobile,Beverages,5423,195,9
BATCH-001901,2025-07-10,North,Retail,Home,8981,92,4
BATCH-002954,2025-07-10,West,Mobile,Personal Care,8551,191,11
BATCH-002994,2025-07-10,South,Retail,Beverages,2635,93,4
BATCH-003019,2025-07-10,West,Retail,Grocery,9350,197,9
BATCH-003500,2025-07-10,East,Web,Personal Care,5228,109,5
BATCH-003760,2025-07-10,East,Mobile,Grocery,3706,75,4
BATCH-004636,2025-07-10,West,Partner,Pet Care,2921,46,2
BATCH-000371,2025-07-11,South,Retail,Grocery,2053,50,2
BATCH-000684,2025-07-11,East,Mobile,Personal Care,7434,171,4
BATCH-000753,2025-07-11,East,Partner,Beverages,2564,79,1
BATCH-000842,2025-07-11,East,Partner,Grocery,8358,182,5
BATCH-001033,2025-07-11,West,Retail,Home,11836,129,2
BATCH-001043,2025-07-11,North,Retail,Beverages,1298,42,1
BATCH-001858,2025-07-11,North,Web,Beverages,656,28,1
BATCH-002601,2025-07-11,North,Mobile,Pet Care,8107,117,4
BATCH-002630,2025-07-11,West,Web,Grocery,3197,87,2
BATCH-002829,2025-07-11,South,Retail,Personal Care,5558,92,4
BATCH-003228,2025-07-11,East,Mobile,Pet Care,2209,38,2
BATCH-004092,2025-07-11,South,Partner,Pet Care,2928,49,1
BATCH-004512,2025-07-11,South,Web,Pet Care,1681,27,1
BATCH-000306,2025-07-12,West,Web,Beverages,3169,115,4
BATCH-000345,2025-07-12,North,Mobile,Beverages,3662,117,7
BATCH-000434,2025-07-12,South,Retail,Personal Care,7569,161,6
BATCH-000629,2025-07-12,South,Web,Pet Care,5424,98,6
BATCH-001058,2025-07-12,West,Web,Pet Care,2093,30,2
BATCH-001527,2025-07-12,West,Retail,Beverages,1130,37,1
BATCH-001868,2025-07-12,South,Partner,Beverages,3768,137,6
BATCH-002200,2025-07-12,West,Retail,Grocery,5133,109,4
BATCH-002297,2025-07-12,East,Web,Beverages,1398,45,1
BATCH-002959,2025-07-12,South,Mobile,Personal Care,1237,25,1
BATCH-004445,2025-07-12,South,Retail,Beverages,1912,61,3
BATCH-004739,2025-07-12,North,Mobile,Personal Care,10928,180,7
BATCH-000103,2025-07-13,South,Partner,Pet Care,11485,157,5
BATCH-000291,2025-07-13,North,Web,Beverages,3855,163,7
BATCH-000452,2025-07-13,South,Retail,Grocery,8000,189,6
BATCH-000719,2025-07-13,West,Mobile,Personal Care,5405,90,3
BATCH-001807,2025-07-13,South,Retail,Home,2098,21,0
BATCH-001897,2025-07-13,East,Partner,Grocery,2021,52,2
BATCH-002562,2025-07-13,North,Mobile,Grocery,7327,163,4
BATCH-003033,2025-07-13,East,Partner,Grocery,3286,79,3
BATCH-003061,2025-07-13,West,Web,Personal Care,9926,182,4
BATCH-003166,2025-07-13,South,Partner,Grocery,2888,57,1
BATCH-003183,2025-07-13,East,Retail,Home,9456,119,7
BATCH-003456,2025-07-13,North,Partner,Pet Care,6050,108,4
BATCH-004794,2025-07-13,South,Mobile,Personal Care,3841,87,4
BATCH-000308,2025-07-14,West,Retail,Home,4116,51,1
BATCH-001162,2025-07-14,North,Retail,Home,14549,145,6
BATCH-001587,2025-07-14,North,Web,Home,13388,157,8
BATCH-001732,2025-07-14,South,Partner,Beverages,4027,146,8
BATCH-002055,2025-07-14,East,Web,Pet Care,7615,143,4
BATCH-002075,2025-07-14,West,Mobile,Beverages,4243,170,7
BATCH-002251,2025-07-14,North,Web,Beverages,3215,118,6
BATCH-002555,2025-07-14,East,Mobile,Grocery,6322,135,6
BATCH-003349,2025-07-14,West,Retail,Personal Care,1932,32,1
BATCH-004004,2025-07-14,East,Web,Personal Care,7334,161,10
BATCH-004724,2025-07-14,North,Retail,Grocery,6064,127,3
BATCH-000027,2025-07-15,East,Partner,Pet Care,7434,113,3
BATCH-000216,2025-07-15,North,Mobile,Personal Care,5282,97,4
BATCH-000420,2025-07-15,West,Retail,Home,14156,200,3
BATCH-000663,2025-07-15,East,Mobile,Pet Care,4773,76,3
BATCH-000875,2025-07-15,North,Mobile,Grocery,943,23,1
BATCH-001341,2025-07-15,South,Retail,Beverages,1851,64,1
BATCH-003744,2025-07-15,North,Retail,Beverages,2717,112,5
BATCH-003920,2025-07-15,East,Retail,Home,14083,171,6
BATCH-004507,2025-07-15,North,Mobile,Pet Care,12174,191,9
BATCH-000134,2025-07-16,East,Partner,Beverages,3339,117,2
BATCH-000803,2025-07-16,North,Partner,Grocery,6026,134,4
BATCH-001061,2025-07-16,West,Mobile,Grocery,4944,97,6
BATCH-001560,2025-07-16,East,Web,Grocery,5710,131,8
BATCH-001668,2025-07-16,West,Retail,Grocery,5685,113,2
BATCH-002721,2025-07-16,North,Retail,Beverages,6110,186,6
BATCH-003018,2025-07-16,South,Partner,Beverages,2019,65,3
BATCH-003969,2025-07-16,North,Web,Home,5542,69,4
BATCH-004022,2025-07-16,North,Partner,Beverages,4547,187,4
BATCH-004101,2025-07-16,West,Retail,Pet Care,11324,178,8
BATCH-004117,2025-07-16,North,Web,Home,6863,85,5
BATCH-004578,2025-07-16,North,Retail,Personal Care,8412,151,2
BATCH-004651,2025-07-16,North,Web,Home,4552,55,3
BATCH-000071,2025-07-17,East,Partner,Grocery,1372,35,1
BATCH-000238,2025-07-17,South,Web,Home,14523,147,6
BATCH-000372,2025-07-17,North,Retail,Home,7324,78,4
BATCH-000566,2025-07-17,East,Mobile,Grocery,9170,184,5
BATCH-000744,2025-07-17,South,Retail,Beverages,3794,117,4
BATCH-000876,2025-07-17,South,Web,Grocery,3691,95,3
BATCH-001563,2025-07-17,East,Web,Pet Care,11109,161,5
BATCH-001599,2025-07-17,South,Web,Beverages,849,34,2
BATCH-001718,2025-07-17,South,Partner,Beverages,4712,147,7
BATCH-002521,2025-07-17,West,Web,Grocery,6460,147,4
BATCH-003123,2025-07-17,South,Mobile,Pet Care,11379,156,9
BATCH-003141,2025-07-17,West,Partner,Home,3778,45,2
BATCH-004009,2025-07-17,East,Partner,Personal Care,2057,38,1
BATCH-004103,2025-07-17,North,Web,Pet Care,5126,79,3
BATCH-004398,2025-07-17,South,Partner,Pet Care,12080,174,9
BATCH-004460,2025-07-17,East,Mobile,Pet Care,10191,177,11
BATCH-004688,2025-07-17,South,Partner,Pet Care,2950,49,3
BATCH-000331,2025-07-18,South,Retail,Grocery,1985,55,1
BATCH-000660,2025-07-18,West,Mobile,Personal Care,2277,47,2
BATCH-000750,2025-07-18,North,Mobile,Home,12542,151,6
BATCH-000751,2025-07-18,East,Retail,Home,7260,83,3
BATCH-000761,2025-07-18,West,Web,Home,2411,27,2
BATCH-000778,2025-07-18,South,Mobile,Pet Care,6678,93,4
BATCH-001053,2025-07-18,South,Mobile,Grocery,6382,158,8
BATCH-001067,2025-07-18,South,Partner,Grocery,3823,78,2
BATCH-001467,2025-07-18,North,Retail,Pet Care,1831,29,1
BATCH-001602,2025-07-18,North,Web,Pet Care,7969,151,4
BATCH-001793,2025-07-18,South,Mobile,Pet Care,1563,23,1
BATCH-002358,2025-07-18,North,Mobile,Grocery,6495,147,8
BATCH-004207,2025-07-18,West,Partner,Pet Care,8772,124,2
BATCH-004336,2025-07-18,East,Retail,Home,5132,57,1
BATCH-004496,2025-07-18,South,Partner,Pet Care,5384,80,3
BATCH-004763,2025-07-18,South,Mobile,Grocery,2104,50,2
BATCH-004813,2025-07-18,West,Retail,Beverages,4871,165,7
BATCH-000047,2025-07-19,West,Web,Home,2924,32,2
BATCH-000251,2025-07-19,North,Web,Personal Care,8549,194,9
BATCH-000901,2025-07-19,East,Partner,Grocery,6421,136,6
BATCH-001079,2025-07-19,North,Web,Personal Care,11195,185,9
BATCH-002403,2025-07-19,North,Partner,Pet Care,8031,139,8
BATCH-002590,2025-07-19,South,Mobile,Grocery,4359,99,3
BATCH-002870,2025-07-19,North,Partner,Pet Care,8600,122,4
BATCH-003466,2025-07-19,South,Partner,Beverages,2525,84,3
BATCH-003583,2025-07-19,South,Web,Grocery,4599,111,7
BATCH-004106,2025-07-19,North,Partner,Home,15216,163,3
BATCH-004152,2025-07-19,West,Web,Grocery,4553,101,2
BATCH-004174,2025-07-19,South,Web,Grocery,2459,54,2
BATCH-000470,2025-07-20,North,Mobile,Home,2624,30,1
BATCH-001313,2025-07-20,West,Web,Beverages,3198,111,4
BATCH-001461,2025-07-20,North,Retail,Grocery,7890,172,8
BATCH-001691,2025-07-20,West,Web,Pet Care,1815,25,2
BATCH-001905,2025-07-20,North,Partner,Beverages,512,22,0
BATCH-002171,2025-07-20,South,Partner,Grocery,5286,136,4
BATCH-002502,2025-07-20,North,Mobile,Personal Care,7470,122,7
BATCH-003196,2025-07-20,East,Retail,Grocery,7253,150,5
BATCH-003307,2025-07-20,West,Partner,Grocery,4655,91,4
BATCH-003657,2025-07-20,South,Web,Grocery,2965,70,3
BATCH-003755,2025-07-20,West,Retail,Grocery,5171,106,6
BATCH-004171,2025-07-20,South,Web,Beverages,3928,164,8
BATCH-000205,2025-07-21,West,Retail,Pet Care,10533,176,8
BATCH-000215,2025-07-21,East,Web,Grocery,4636,116,3
BATCH-001002,2025-07-21,West,Web,Grocery,1299,26,1
BATCH-001113,2025-07-21,North,Partner,Personal Care,1943,44,1
BATCH-001555,2025-07-21,South,Retail,Home,11905,144,3
BATCH-002652,2025-07-21,North,Web,Home,6861,90,5
BATCH-002796,2025-07-21,East,Mobile,Pet Care,3904,68,3
BATCH-003852,2025-07-21,North,Mobile,Pet Care,10386,147,6
BATCH-003893,2025-07-21,West,Mobile,Personal Care,7141,148,6
BATCH-004595,2025-07-21,East,Web,Personal Care,6677,125,4
BATCH-000029,2025-07-22,North,Mobile,Beverages,816,25,2
BATCH-002436,2025-07-22,South,Partner,Grocery,5912,136,3
BATCH-002684,2025-07-22,South,Web,Beverages,2926,106,6
BATCH-002859,2025-07-22,North,Mobile,Personal Care,4965,102,2
BATCH-003631,2025-07-22,South,Web,Grocery,3238,75,5
BATCH-003636,2025-07-22,North,Web,Home,12636,136,5
BATCH-003825,2025-07-22,South,Web,Personal Care,6588,150,7
BATCH-004303,2025-07-22,South,Partner,Pet Care,7911,108,2
BATCH-004649,2025-07-22,East,Mobile,Beverages,4469,170,5
BATCH-000195,2025-07-23,North,Retail,Pet Care,2297,31,1
BATCH-000534,2025-07-23,North,Partner,Home,10760,147,6
BATCH-001081,2025-07-23,South,Mobile,Beverages,4504,180,6
BATCH-001148,2025-07-23,East,Web,Pet Care,10078,165,6
BATCH-001256,2025-07-23,West,Web,Pet Care,7816,121,8
BATCH-002122,2025-07-23,South,Partner,Beverages,638,21,1
BATCH-002585,2025-07-23,East,Partner,Beverages,1525,62,3
BATCH-002661,2025-07-23,South,Retail,Grocery,2615,64,3
BATCH-002697,2025-07-23,East,Web,Grocery,3793,101,4
BATCH-002720,2025-07-23,South,Retail,Grocery,6399,140,2
BATCH-004863,2025-07-23,North,Retail,Personal Care,1174,25,0
BATCH-000178,2025-07-24,South,Web,Grocery,6221,143,7
BATCH-000571,2025-07-24,East,Retail,Personal Care,6617,147,8
BATCH-000633,2025-07-24,East,Web,Grocery,4722,99,6
BATCH-000963,2025-07-24,East,Mobile,Grocery,2814,66,1
BATCH-001009,2025-07-24,East,Partner,Pet Care,7017,101,3
BATCH-001644,2025-07-24,South,Web,Home,4856,54,1
BATCH-001702,2025-07-24,West,Mobile,Beverages,4103,125,6
BATCH-001798,2025-07-24,East,Partner,Grocery,4806,109,2
BATCH-003066,2025-07-24,East,Web,Personal Care,4182,70,2
BATCH-003451,2025-07-24,South,Retail,Pet Care,4114,79,4
BATCH-003476,2025-07-24,North,Web,Pet Care,3965,62,3
BATCH-003605,2025-07-24,East,Partner,Personal Care,9106,199,7
BATCH-003654,2025-07-24,North,Web,Home,13210,175,9
BATCH-000468,2025-07-25,West,Mobile,Home,2963,35,2
BATCH-000620,2025-07-25,South,Partner,Beverages,861,32,2
BATCH-000696,2025-07-25,West,Retail,Beverages,4041,125,2
BATCH-000721,2025-07-25,West,Partner,Personal Care,3969,70,3
BATCH-001333,2025-07-25,North,Web,Beverages,1426,59,3
BATCH-001489,2025-07-25,North,Web,Personal Care,10487,174,9
BATCH-001811,2025-07-25,East,Web,Grocery,4601,107,6
BATCH-001996,2025-07-25,South,Web,Pet Care,10673,190,4
BATCH-002363,2025-07-25,West,Partner,Home,6816,76,3
BATCH-002592,2025-07-25,East,Partner,Grocery,4697,124,6
BATCH-002737,2025-07-25,South,Web,Beverages,4239,173,6
BATCH-002874,2025-07-25,North,Retail,Beverages,1158,41,2
BATCH-002876,2025-07-25,West,Partner,Pet Care,9084,145,5
BATCH-003226,2025-07-25,North,Mobile,Grocery,6769,145,7
BATCH-004620,2025-07-25,North,Partner,Grocery,2535,49,3
BATCH-000048,2025-07-26,West,Web,Personal Care,8723,147,5
BATCH-000050,2025-07-26,North,Partner,Personal Care,10897,194,5
BATCH-000104,2025-07-26,West,Partner,Home,15161,153,4
BATCH-000427,2025-07-26,South,Web,Grocery,9169,196,6
BATCH-000732,2025-07-26,South,Web,Grocery,1405,29,1
BATCH-000968,2025-07-26,South,Web,Personal Care,7900,152,8
BATCH-001212,2025-07-26,West,Partner,Personal Care,4003,91,3
BATCH-001332,2025-07-26,West,Partner,Pet Care,4988,69,2
BATCH-002067,2025-07-26,West,Web,Grocery,1841,45,1
BATCH-002124,2025-07-26,West,Partner,Home,2383,30,2
BATCH-002133,2025-07-26,West,Retail,Grocery,6246,124,6
BATCH-002212,2025-07-26,East,Web,Home,12152,172,11
BATCH-002430,2025-07-26,West,Web,Grocery,6688,153,6
BATCH-003078,2025-07-26,North,Web,Beverages,4743,155,6
BATCH-003087,2025-07-26,East,Retail,Grocery,4754,97,5
BATCH-003380,2025-07-26,West,Mobile,Beverages,3519,119,6
BATCH-003929,2025-07-26,West,Partner,Grocery,3210,62,2
BATCH-003962,2025-07-26,East,Web,Grocery,2714,74,4
BATCH-003984,2025-07-26,North,Partner,Home,13142,167,6
BATCH-004343,2025-07-26,East,Retail,Beverages,3344,137,4
BATCH-004380,2025-07-26,East,Partner,Pet Care,5054,69,3
BATCH-000701,2025-07-27,West,Mobile,Personal Care,3328,76,4
BATCH-001536,2025-07-27,East,Mobile,Pet Care,2963,48,1
BATCH-001661,2025-07-27,South,Web,Beverages,6015,192,4
BATCH-001891,2025-07-27,North,Partner,Pet Care,7426,138,8
BATCH-001898,2025-07-27,North,Mobile,Grocery,1584,32,1
BATCH-001926,2025-07-27,South,Web,Beverages,2989,95,2
BATCH-002519,2025-07-27,East,Mobile,Grocery,4682,93,4
BATCH-003285,2025-07-27,South,Retail,Personal Care,8638,181,10
BATCH-003292,2025-07-27,East,Web,Personal Care,4959,93,3
BATCH-003368,2025-07-27,South,Retail,Grocery,6274,160,7
BATCH-003391,2025-07-27,East,Retail,Pet Care,9935,147,5
BATCH-004034,2025-07-27,South,Partner,Grocery,8301,175,4
BATCH-004175,2025-07-27,North,Partner,Home,3825,50,2
BATCH-004350,2025-07-27,West,Web,Home,13317,145,9
BATCH-000769,2025-07-28,North,Partner,Grocery,3643,71,3
BATCH-001361,2025-07-28,East,Partner,Grocery,7454,172,5
BATCH-001436,2025-07-28,East,Partner,Pet Care,1662,28,1
BATCH-001607,2025-07-28,West,Mobile,Home,6024,73,4
BATCH-001724,2025-07-28,East,Partner,Beverages,4930,196,10
BATCH-001846,2025-07-28,East,Mobile,Personal Care,3932,74,3
BATCH-002036,2025-07-28,East,Retail,Personal Care,7250,145,6
BATCH-002509,2025-07-28,West,Partner,Beverages,1271,51,1
BATCH-002591,2025-07-28,South,Retail,Pet Care,1960,29,1
BATCH-003747,2025-07-28,South,Mobile,Grocery,7048,149,4
BATCH-003837,2025-07-28,East,Partner,Pet Care,5920,84,4
BATCH-003894,2025-07-28,East,Mobile,Personal Care,3341,62,1
BATCH-003941,2025-07-28,West,Partner,Pet Care,4719,65,1
BATCH-004162,2025-07-28,North,Partner,Pet Care,11990,197,5
BATCH-004319,2025-07-28,West,Retail,Home,5303,67,3
BATCH-004586,2025-07-28,South,Mobile,Grocery,7894,164,6
BATCH-004624,2025-07-28,East,Mobile,Home,11719,121,5
BATCH-000020,2025-07-29,West,Retail,Grocery,5739,148,3
BATCH-000257,2025-07-29,North,Mobile,Pet Care,1275,22,1
BATCH-000313,2025-07-29,South,Mobile,Grocery,7000,136,8
BATCH-002049,2025-07-29,East,Retail,Grocery,2508,58,1
BATCH-002385,2025-07-29,North,Web,Home,3709,48,3
BATCH-002638,2025-07-29,North,Retail,Beverages,4136,175,8
BATCH-002774,2025-07-29,East,Retail,Grocery,2195,52,3
BATCH-002982,2025-07-29,East,Mobile,Beverages,4177,135,9
BATCH-003273,2025-07-29,East,Partner,Pet Care,5340,76,2
BATCH-003917,2025-07-29,South,Partner,Beverages,3393,111,3
BATCH-004260,2025-07-29,East,Retail,Home,10920,116,4
BATCH-004911,2025-07-29,South,Web,Beverages,2855,116,5
BATCH-000045,2025-07-30,North,Retail,Grocery,2628,62,2
BATCH-000221,2025-07-30,West,Web,Beverages,6203,198,11
BATCH-000343,2025-07-30,East,Mobile,Beverages,2957,123,6
BATCH-000344,2025-07-30,East,Web,Home,8224,105,4
BATCH-000416,2025-07-30,West,Web,Grocery,1291,35,2
BATCH-000553,2025-07-30,South,Partner,Personal Care,8633,168,3
BATCH-001321,2025-07-30,North,Web,Beverages,3694,148,8
BATCH-001760,2025-07-30,West,Mobile,Pet Care,9095,171,7
BATCH-001820,2025-07-30,East,Retail,Grocery,1744,40,2
BATCH-002490,2025-07-30,West,Retail,Grocery,6566,180,2
BATCH-002705,2025-07-30,North,Web,Pet Care,8751,118,5
BATCH-003743,2025-07-30,South,Mobile,Personal Care,1611,27,1
BATCH-003813,2025-07-30,North,Web,Beverages,2253,73,5
BATCH-003977,2025-07-30,South,Mobile,Beverages,4830,184,11
BATCH-004574,2025-07-30,West,Web,Beverages,552,20,1
BATCH-004882,2025-07-30,West,Web,Grocery,5352,146,3
BATCH-000426,2025-07-31,East,Mobile,Personal Care,6453,131,4
BATCH-000475,2025-07-31,South,Mobile,Pet Care,12522,196,12
BATCH-001063,2025-07-31,North,Web,Grocery,3357,76,5
BATCH-001369,2025-07-31,South,Retail,Beverages,3178,123,2
BATCH-002149,2025-07-31,North,Web,Pet Care,6183,97,2
BATCH-002906,2025-07-31,South,Partner,Beverages,2707,86,2
BATCH-002978,2025-07-31,North,Partner,Home,12195,121,6
BATCH-003060,2025-07-31,East,Partner,Grocery,5694,156,9
BATCH-003110,2025-07-31,West,Retail,Pet Care,4511,66,1
BATCH-003551,2025-07-31,South,Web,Grocery,6098,146,5
BATCH-003905,2025-07-31,South,Partner,Home,1855,25,0
BATCH-004297,2025-07-31,North,Partner,Pet Care,5067,70,2
BATCH-004604,2025-07-31,North,Partner,Pet Care,2376,38,1
BATCH-004908,2025-07-31,North,Partner,Grocery,9152,190,8
BATCH-000415,2025-08-01,West,Partner,Beverages,3564,123,3
BATCH-000570,2025-08-01,East,Partner,Pet Care,12681,194,10
BATCH-000676,2025-08-01,East,Retail,Pet Care,13949,192,11
BATCH-001290,2025-08-01,South,Web,Beverages,1153,37,2
BATCH-001323,2025-08-01,North,Web,Grocery,2410,61,3
BATCH-001909,2025-08-01,West,Retail,Personal Care,8537,150,7
BATCH-002270,2025-08-01,North,Retail,Beverages,4405,165,9
BATCH-002573,2025-08-01,South,Web,Home,7031,87,4
BATCH-002784,2025-08-01,South,Web,Personal Care,5478,122,4
BATCH-003288,2025-08-01,West,Retail,Beverages,2716,97,3
BATCH-003300,2025-08-01,East,Partner,Beverages,4749,190,5
BATCH-004708,2025-08-01,East,Web,Beverages,3229,99,2
BATCH-004791,2025-08-01,East,Web,Pet Care,4937,77,2
BATCH-004979,2025-08-01,East,Mobile,Home,1879,21,1
BATCH-001240,2025-08-02,North,Web,Beverages,5377,176,9
BATCH-001413,2025-08-02,South,Retail,Beverages,1516,60,1
BATCH-001492,2025-08-02,North,Web,Home,10357,129,4
BATCH-002177,2025-08-02,North,Partner,Pet Care,3931,57,2
BATCH-002808,2025-08-02,North,Retail,Personal Care,5351,103,4
BATCH-003236,2025-08-02,North,Web,Pet Care,13950,192,6
BATCH-003614,2025-08-02,East,Mobile,Grocery,7054,158,4
BATCH-003741,2025-08-02,East,Mobile,Grocery,6515,167,10
BATCH-004610,2025-08-02,North,Mobile,Personal Care,6677,137,9
BATCH-000250,2025-08-03,South,Web,Beverages,2787,104,5
BATCH-000545,2025-08-03,South,Partner,Personal Care,5715,134,5
BATCH-001269,2025-08-03,South,Mobile,Beverages,2142,78,2
BATCH-002186,2025-08-03,North,Web,Personal Care,3911,71,4
BATCH-003242,2025-08-03,North,Mobile,Pet Care,10972,186,10
BATCH-003337,2025-08-03,East,Mobile,Personal Care,2054,37,1
BATCH-003396,2025-08-03,East,Partner,Personal Care,3046,67,1
BATCH-004069,2025-08-03,West,Mobile,Beverages,2157,69,4
BATCH-004206,2025-08-03,South,Web,Home,3527,50,2
BATCH-004683,2025-08-03,East,Partner,Home,10666,113,2
BATCH-004723,2025-08-03,West,Web,Beverages,2074,90,3
BATCH-004765,2025-08-03,East,Partner,Pet Care,9801,154,2
BATCH-004963,2025-08-03,South,Retail,Personal Care,9059,149,5
BATCH-000114,2025-08-04,North,Partner,Beverages,2401,86,2
BATCH-000276,2025-08-04,East,Partner,Grocery,3993,78,2
BATCH-000501,2025-08-04,North,Retail,Personal Care,8821,162,4
BATCH-000789,2025-08-04,East,Partner,Personal Care,5839,136,7
BATCH-001437,2025-08-04,North,Partner,Home,10846,112,4
BATCH-002449,2025-08-04,West,Retail,Personal Care,7392,136,4
BATCH-002505,2025-08-04,South,Web,Home,2860,34,1
BATCH-002633,2025-08-04,North,Partner,Pet Care,9134,149,2
BATCH-003139,2025-08-04,South,Web,Pet Care,5835,93,2
BATCH-003251,2025-08-04,North,Retail,Personal Care,1790,35,1
BATCH-003858,2025-08-04,North,Mobile,Beverages,1532,52,1
BATCH-004123,2025-08-04,West,Web,Beverages,4834,170,11
BATCH-004360,2025-08-04,South,Web,Beverages,4593,160,4
BATCH-004601,2025-08-04,North,Web,Home,3798,44,2
BATCH-000059,2025-08-05,East,Mobile,Personal Care,4307,98,5
BATCH-000270,2025-08-05,North,Partner,Beverages,2731,111,2
BATCH-000358,2025-08-05,West,Web,Beverages,5718,184,4
BATCH-000848,2025-08-05,North,Mobile,Personal Care,7431,155,4
BATCH-001159,2025-08-05,South,Web,Home,3422,34,2
BATCH-001180,2025-08-05,West,Retail,Beverages,3046,123,4
BATCH-001260,2025-08-05,West,Mobile,Personal Care,8621,196,12
BATCH-001328,2025-08-05,South,Mobile,Pet Care,4361,83,2
BATCH-001444,2025-08-05,West,Web,Home,14029,170,11
BATCH-002172,2025-08-05,East,Retail,Home,10746,149,4
BATCH-003232,2025-08-05,East,Web,Home,8664,106,3
BATCH-003441,2025-08-05,West,Partner,Home,3898,43,1
BATCH-003486,2025-08-05,North,Web,Beverages,2887,116,4
BATCH-003975,2025-08-05,East,Mobile,Personal Care,5466,126,6
BATCH-004474,2025-08-05,East,Retail,Beverages,4938,171,2
BATCH-000199,2025-08-06,West,Retail,Grocery,5155,141,6
BATCH-000255,2025-08-06,South,Mobile,Grocery,2585,50,1
BATCH-000296,2025-08-06,North,Partner,Home,5604,67,3
BATCH-000929,2025-08-06,South,Partner,Beverages,2979,96,5
BATCH-001108,2025-08-06,West,Retail,Home,5461,61,2
BATCH-001114,2025-08-06,North,Retail,Pet Care,8936,125,5
BATCH-002110,2025-08-06,North,Web,Pet Care,11769,191,9
BATCH-002688,2025-08-06,North,Web,Home,3097,40,2
BATCH-003005,2025-08-06,West,Retail,Personal Care,6414,112,6
BATCH-003114,2025-08-06,West,Partner,Grocery,9133,193,9
BATCH-004517,2025-08-06,South,Mobile,Home,5027,65,4
BATCH-004666,2025-08-06,North,Web,Beverages,2887,123,5
BATCH-004929,2025-08-06,South,Web,Grocery,1368,35,1
BATCH-000145,2025-08-07,East,Web,Grocery,7243,152,9
BATCH-000332,2025-08-07,East,Web,Grocery,3694,94,6
BATCH-001267,2025-08-07,North,Web,Personal Care,1500,27,1
BATCH-001619,2025-08-07,East,Mobile,Personal Care,6647,127,5
BATCH-001633,2025-08-07,North,Retail,Home,3711,41,2
BATCH-001670,2025-08-07,East,Mobile,Pet Care,6485,88,4
BATCH-001794,2025-08-07,West,Mobile,Grocery,3471,81,4
BATCH-001978,2025-08-07,North,Web,Beverages,2882,116,7
BATCH-002068,2025-08-07,West,Web,Grocery,6309,146,4
BATCH-002207,2025-08-07,South,Web,Personal Care,2465,42,2
BATCH-002407,2025-08-07,West,Retail,Beverages,2395,81,1
BATCH-002609,2025-08-07,East,Partner,Grocery,4485,115,6
BATCH-002819,2025-08-07,South,Retail,Grocery,8600,194,11
BATCH-003134,2025-08-07,South,Mobile,Pet Care,6173,115,5
BATCH-003239,2025-08-07,North,Retail,Home,17493,191,8
BATCH-003455,2025-08-07,North,Retail,Personal Care,8910,151,6
BATCH-003976,2025-08-07,West,Web,Personal Care,8619,153,10
BATCH-004211,2025-08-07,West,Retail,Personal Care,4612,93,5
BATCH-004381,2025-08-07,West,Partner,Beverages,1380,43,2
BATCH-004577,2025-08-07,North,Retail,Grocery,1891,40,1
BATCH-000075,2025-08-08,North,Partner,Grocery,7468,189,7
BATCH-000746,2025-08-08,South,Web,Home,13118,134,8
BATCH-000921,2025-08-08,East,Mobile,Pet Care,1093,21,1
BATCH-000945,2025-08-08,East,Web,Personal Care,1896,38,1
BATCH-001781,2025-08-08,North,Mobile,Pet Care,12162,174,4
BATCH-001823,2025-08-08,North,Web,Pet Care,8138,129,5
BATCH-002855,2025-08-08,East,Partner,Beverages,4800,170,8
BATCH-002873,2025-08-08,East,Partner,Grocery,4723,122,3
BATCH-002941,2025-08-08,East,Mobile,Grocery,8049,178,12
BATCH-004467,2025-08-08,West,Mobile,Home,4965,52,3
BATCH-004550,2025-08-08,East,Mobile,Home,1840,21,1
BATCH-000129,2025-08-09,North,Partner,Home,8417,92,2
BATCH-000185,2025-08-09,North,Web,Grocery,2780,69,3
BATCH-000223,2025-08-09,South,Web,Pet Care,8446,139,7
BATCH-000264,2025-08-09,South,Web,Home,2379,29,2
BATCH-000317,2025-08-09,North,Partner,Home,14144,187,8
BATCH-000925,2025-08-09,South,Mobile,Home,6078,64,1
BATCH-001204,2025-08-09,South,Web,Personal Care,2903,63,2
BATCH-001399,2025-08-09,North,Web,Beverages,4140,152,8
BATCH-001714,2025-08-09,South,Partner,Home,4924,54,2
BATCH-001741,2025-08-09,South,Retail,Personal Care,6900,114,6
BATCH-001999,2025-08-09,South,Web,Beverages,1210,51,1
BATCH-002532,2025-08-09,South,Mobile,Home,12995,158,8
BATCH-003412,2025-08-09,North,Web,Home,10437,110,6
BATCH-004279,2025-08-09,North,Partner,Grocery,5282,108,3
BATCH-004387,2025-08-09,East,Web,Beverages,2552,89,6
BATCH-004478,2025-08-09,East,Web,Personal Care,3585,64,4
BATCH-000376,2025-08-10,West,Web,Home,6131,84,5
BATCH-000424,2025-08-10,West,Web,Grocery,1302,33,2
BATCH-001065,2025-08-10,North,Mobile,Home,5763,77,5
BATCH-001191,2025-08-10,East,Retail,Beverages,3093,99,5
BATCH-002360,2025-08-10,West,Mobile,Grocery,4555,118,3
BATCH-002450,2025-08-10,East,Retail,Pet Care,9893,159,4
BATCH-004126,2025-08-10,West,Mobile,Home,15964,163,8
BATCH-004717,2025-08-10,West,Retail,Pet Care,11330,178,3
BATCH-000243,2025-08-11,South,Mobile,Beverages,4916,163,8
BATCH-000410,2025-08-11,North,Web,Home,13430,144,4
BATCH-000495,2025-08-11,East,Web,Pet Care,3367,53,3
BATCH-000656,2025-08-11,North,Partner,Home,4002,41,2
BATCH-001103,2025-08-11,West,Web,Home,1852,22,1
BATCH-001580,2025-08-11,South,Partner,Personal Care,8501,165,3
BATCH-002324,2025-08-11,East,Partner,Personal Care,8692,174,6
BATCH-002583,2025-08-11,East,Web,Grocery,1277,26,1
BATCH-003361,2025-08-11,South,Retail,Personal Care,5800,122,5
BATCH-003675,2025-08-11,South,Mobile,Beverages,2515,79,4
BATCH-003890,2025-08-11,North,Mobile,Beverages,2478,75,2
BATCH-004056,2025-08-11,West,Web,Personal Care,7605,155,9
BATCH-004743,2025-08-11,North,Partner,Personal Care,4475,75,1
BATCH-000318,2025-08-12,East,Retail,Grocery,2843,74,4
BATCH-000320,2025-08-12,North,Mobile,Beverages,1577,65,4
BATCH-000322,2025-08-12,West,Retail,Pet Care,12069,167,6
BATCH-001407,2025-08-12,West,Retail,Beverages,1868,79,2
BATCH-001497,2025-08-12,North,Retail,Pet Care,9828,182,8
BATCH-002145,2025-08-12,North,Partner,Pet Care,13964,196,10
BATCH-002222,2025-08-12,South,Mobile,Home,2029,21,1
BATCH-002233,2025-08-12,North,Retail,Pet Care,10900,174,7
BATCH-002455,2025-08-12,North,Retail,Pet Care,12267,182,7
BATCH-002578,2025-08-12,South,Web,Pet Care,5534,107,5
BATCH-002775,2025-08-12,North,Web,Beverages,4586,182,9
BATCH-003030,2025-08-12,North,Retail,Home,11232,133,2
BATCH-003169,2025-08-12,South,Web,Personal Care,8323,195,12
BATCH-003811,2025-08-12,West,Web,Personal Care,5187,88,5
BATCH-004212,2025-08-12,East,Web,Pet Care,6215,87,5
BATCH-004301,2025-08-12,South,Mobile,Home,15903,168,4
BATCH-000596,2025-08-13,South,Retail,Beverages,4007,151,4
BATCH-001449,2025-08-13,South,Partner,Grocery,3885,95,2
BATCH-002676,2025-08-13,East,Web,Beverages,1375,58,2
BATCH-002864,2025-08-13,East,Web,Beverages,2262,85,4
BATCH-003064,2025-08-13,East,Web,Personal Care,6863,112,5
BATCH-003065,2025-08-13,West,Mobile,Home,2142,24,1
BATCH-003291,2025-08-13,North,Retail,Personal Care,5348,107,4
BATCH-003398,2025-08-13,West,Mobile,Grocery,6356,145,4
BATCH-000089,2025-08-14,North,Mobile,Beverages,3109,125,6
BATCH-000241,2025-08-14,North,Web,Beverages,2801,93,3
BATCH-000897,2025-08-14,West,Retail,Grocery,3217,65,1
BATCH-001498,2025-08-14,East,Retail,Pet Care,9323,157,3
BATCH-001611,2025-08-14,South,Retail,Grocery,3612,70,3
BATCH-001914,2025-08-14,South,Retail,Pet Care,9420,135,5
BATCH-002031,2025-08-14,West,Retail,Beverages,885,35,2
BATCH-002768,2025-08-14,North,Partner,Beverages,916,29,1
BATCH-003297,2025-08-14,South,Mobile,Pet Care,8843,134,7
BATCH-003834,2025-08-14,North,Web,Pet Care,1487,26,1
BATCH-004145,2025-08-14,West,Partner,Beverages,3243,102,4
BATCH-004239,2025-08-14,South,Retail,Home,4957,52,1
BATCH-004458,2025-08-14,South,Mobile,Grocery,5144,141,6
BATCH-001961,2025-08-15,West,Retail,Grocery,4445,109,3
BATCH-002414,2025-08-15,South,Partner,Pet Care,6333,95,2
BATCH-002961,2025-08-15,South,Partner,Personal Care,7526,151,6
BATCH-003626,2025-08-15,South,Retail,Beverages,1003,34,1
BATCH-003753,2025-08-15,South,Partner,Personal Care,1787,32,1
BATCH-004076,2025-08-15,North,Mobile,Beverages,911,29,1
BATCH-004127,2025-08-15,North,Partner,Pet Care,5153,70,1
BATCH-004232,2025-08-15,South,Web,Grocery,2563,51,2
BATCH-004312,2025-08-15,North,Web,Personal Care,11059,197,5
BATCH-004316,2025-08-15,West,Web,Beverages,4123,142,8
BATCH-004358,2025-08-15,West,Web,Home,5891,78,4
BATCH-004584,2025-08-15,West,Mobile,Personal Care,9458,186,12
BATCH-004949,2025-08-15,West,Retail,Grocery,1177,30,0
BATCH-000187,2025-08-16,West,Partner,Grocery,3430,87,1
BATCH-001095,2025-08-16,North,Partner,Home,14492,194,5
BATCH-001690,2025-08-16,East,Mobile,Grocery,1679,38,1
BATCH-002156,2025-08-16,North,Mobile,Home,3066,42,1
BATCH-002523,2025-08-16,West,Retail,Beverages,2793,92,2
BATCH-003222,2025-08-16,South,Mobile,Beverages,6073,196,4
BATCH-003414,2025-08-16,West,Mobile,Pet Care,4348,79,2
BATCH-003935,2025-08-16,North,Partner,Pet Care,1604,27,1
BATCH-004040,2025-08-16,South,Mobile,Grocery,4296,83,5
BATCH-004098,2025-08-16,East,Mobile,Beverages,6142,190,10
BATCH-004415,2025-08-16,North,Partner,Personal Care,5890,138,6
BATCH-004675,2025-08-16,West,Retail,Home,4344,57,1
BATCH-004890,2025-08-16,South,Partner,Pet Care,9603,163,4
BATCH-000579,2025-08-17,West,Partner,Personal Care,2044,42,2
BATCH-001070,2025-08-17,East,Web,Grocery,4040,96,4
BATCH-001420,2025-08-17,South,Web,Personal Care,7938,179,5
BATCH-001802,2025-08-17,East,Retail,Home,12144,121,7
BATCH-002114,2025-08-17,East,Web,Personal Care,1905,32,1
BATCH-002158,2025-08-17,East,Web,Personal Care,1432,30,2
BATCH-002736,2025-08-17,South,Web,Home,14351,151,7
BATCH-002795,2025-08-17,East,Web,Beverages,685,22,1
BATCH-002875,2025-08-17,West,Web,Grocery,4748,97,4
BATCH-003120,2025-08-17,East,Retail,Personal Care,9297,161,7
BATCH-003665,2025-08-17,West,Mobile,Pet Care,8851,159,8
BATCH-003876,2025-08-17,West,Retail,Personal Care,6048,103,4
BATCH-003936,2025-08-17,East,Web,Pet Care,5752,79,4
BATCH-004323,2025-08-17,South,Mobile,Home,9474,128,8
BATCH-004628,2025-08-17,South,Retail,Personal Care,4054,81,2
BATCH-000387,2025-08-18,North,Partner,Home,4518,57,2
BATCH-000720,2025-08-18,South,Web,Personal Care,9124,160,7
BATCH-000742,2025-08-18,West,Mobile,Grocery,7138,174,9
BATCH-000903,2025-08-18,East,Retail,Home,5198,73,4
BATCH-001227,2025-08-18,West,Partner,Grocery,9170,184,6
BATCH-001801,2025-08-18,East,Partner,Personal Care,2186,50,2
BATCH-002520,2025-08-18,South,Mobile,Pet Care,2643,41,2
BATCH-002548,2025-08-18,North,Mobile,Beverages,5340,196,5
BATCH-002587,2025-08-18,North,Partner,Beverages,1198,38,1
BATCH-002756,2025-08-18,East,Web,Personal Care,7288,131,3
BATCH-002887,2025-08-18,North,Retail,Personal Care,7666,141,2
BATCH-003331,2025-08-18,North,Retail,Grocery,2573,53,3
BATCH-003712,2025-08-18,East,Retail,Personal Care,7706,140,4
BATCH-003721,2025-08-18,North,Web,Pet Care,4939,80,3
BATCH-003806,2025-08-18,East,Mobile,Grocery,5286,111,5
BATCH-003879,2025-08-18,South,Web,Personal Care,3467,77,2
BATCH-004154,2025-08-18,West,Web,Personal Care,6661,118,8
BATCH-004446,2025-08-18,North,Partner,Grocery,6448,149,8
BATCH-004571,2025-08-18,South,Web,Beverages,4110,139,5
BATCH-004999,2025-08-18,East,Web,Beverages,5222,195,4
BATCH-000976,2025-08-19,North,Partner,Grocery,4891,98,2
BATCH-001047,2025-08-19,West,Web,Home,4656,49,2
BATCH-001314,2025-08-19,East,Partner,Grocery,8891,188,3
BATCH-002643,2025-08-19,North,Web,Pet Care,5558,101,4
BATCH-002672,2025-08-19,South,Retail,Beverages,3748,136,3
BATCH-002938,2025-08-19,East,Mobile,Pet Care,5577,80,4
BATCH-003689,2025-08-19,North,Web,Personal Care,2873,47,2
BATCH-004132,2025-08-19,West,Web,Pet Care,6474,118,7
BATCH-004158,2025-08-19,East,Mobile,Pet Care,7103,137,6
BATCH-004475,2025-08-19,West,Partner,Beverages,1874,70,1
BATCH-004634,2025-08-19,West,Retail,Home,5194,68,3
BATCH-000166,2025-08-20,North,Web,Grocery,6381,138,4
BATCH-000284,2025-08-20,West,Web,Beverages,5408,198,5
BATCH-000292,2025-08-20,West,Partner,Beverages,3733,129,4
BATCH-001184,2025-08-20,East,Web,Home,13978,153,7
BATCH-001610,2025-08-20,South,Mobile,Pet Care,2643,37,2
BATCH-001751,2025-08-20,East,Partner,Grocery,8325,164,4
BATCH-001754,2025-08-20,North,Mobile,Personal Care,9331,190,6
BATCH-002990,2025-08-20,West,Mobile,Personal Care,7251,143,6
BATCH-003257,2025-08-20,West,Web,Pet Care,10146,162,4
BATCH-003370,2025-08-20,South,Retail,Home,16030,164,3
BATCH-003385,2025-08-20,East,Web,Personal Care,3612,76,2
BATCH-004032,2025-08-20,East,Mobile,Home,14309,193,8
BATCH-004420,2025-08-20,West,Web,Beverages,1765,55,3
BATCH-004582,2025-08-20,North,Partner,Grocery,1634,33,1
BATCH-004832,2025-08-20,West,Retail,Home,6101,73,4
BATCH-004835,2025-08-20,South,Web,Home,7720,93,5
BATCH-000373,2025-08-21,North,Mobile,Pet Care,6410,113,4
BATCH-000520,2025-08-21,South,Retail,Home,1865,23,1
BATCH-001287,2025-08-21,South,Retail,Beverages,4807,196,6
BATCH-001546,2025-08-21,North,Web,Grocery,9981,198,8
BATCH-001658,2025-08-21,East,Web,Home,7663,76,2
BATCH-002076,2025-08-21,West,Mobile,Pet Care,4753,92,3
BATCH-002377,2025-08-21,South,Web,Pet Care,5766,108,7
BATCH-002514,2025-08-21,North,Partner,Home,6083,84,4
BATCH-002692,2025-08-21,West,Retail,Pet Care,9704,144,5
BATCH-002815,2025-08-21,North,Retail,Grocery,3068,74,3
BATCH-003101,2025-08-21,West,Mobile,Personal Care,10834,197,10
BATCH-003864,2025-08-21,North,Mobile,Home,11573,123,6
BATCH-004173,2025-08-21,West,Web,Home,6573,75,4
BATCH-004263,2025-08-21,South,Web,Beverages,718,27,2
BATCH-004793,2025-08-21,South,Mobile,Pet Care,7285,105,3
BATCH-004854,2025-08-21,North,Retail,Home,15832,196,5
BATCH-000203,2025-08-22,South,Partner,Grocery,8022,179,5
BATCH-001297,2025-08-22,East,Mobile,Home,4735,52,3
BATCH-001918,2025-08-22,South,Web,Grocery,4611,121,6
BATCH-002349,2025-08-22,East,Web,Pet Care,10383,178,8
BATCH-002811,2025-08-22,North,Retail,Beverages,5673,195,9
BATCH-002818,2025-08-22,North,Web,Pet Care,5301,97,3
BATCH-003318,2025-08-22,South,Mobile,Grocery,6498,164,7
BATCH-003342,2025-08-22,West,Partner,Beverages,1252,48,1
BATCH-004025,2025-08-22,West,Retail,Pet Care,1660,27,1
BATCH-004430,2025-08-22,East,Retail,Grocery,2705,61,2
BATCH-001355,2025-08-23,South,Mobile,Personal Care,2547,49,1
BATCH-001558,2025-08-23,South,Retail,Pet Care,3821,73,1
BATCH-002017,2025-08-23,South,Web,Home,9348,110,7
BATCH-002335,2025-08-23,South,Partner,Grocery,7801,185,4
BATCH-003211,2025-08-23,West,Mobile,Grocery,2580,54,2
BATCH-003471,2025-08-23,East,Retail,Personal Care,6741,134,5
BATCH-003722,2025-08-23,East,Partner,Grocery,6850,140,6
BATCH-003775,2025-08-23,West,Mobile,Grocery,7363,185,5
BATCH-004271,2025-08-23,South,Mobile,Grocery,4207,82,4
BATCH-004401,2025-08-23,North,Retail,Home,15765,172,4
BATCH-004548,2025-08-23,South,Web,Personal Care,5200,103,5
BATCH-004790,2025-08-23,South,Retail,Beverages,1546,55,2
BATCH-000225,2025-08-24,East,Retail,Grocery,3250,89,4
BATCH-000272,2025-08-24,West,Partner,Pet Care,1907,35,1
BATCH-000288,2025-08-24,South,Mobile,Grocery,7405,149,9
BATCH-000457,2025-08-24,North,Retail,Beverages,3874,151,4
BATCH-000687,2025-08-24,North,Partner,Home,9816,103,5
BATCH-000905,2025-08-24,North,Retail,Personal Care,8248,146,3
BATCH-000914,2025-08-24,East,Web,Beverages,4976,185,9
BATCH-001038,2025-08-24,North,Mobile,Home,9353,95,3
BATCH-001872,2025-08-24,East,Mobile,Personal Care,8673,156,5
BATCH-002003,2025-08-24,East,Mobile,Home,8367,99,3
BATCH-002245,2025-08-24,West,Mobile,Home,6762,95,4
BATCH-002689,2025-08-24,South,Web,Home,10850,144,7
BATCH-002888,2025-08-24,South,Partner,Grocery,4713,102,4
BATCH-003098,2025-08-24,East,Retail,Pet Care,1492,21,0
BATCH-003366,2025-08-24,South,Retail,Beverages,651,26,1
BATCH-004304,2025-08-24,South,Retail,Personal Care,11213,188,8
BATCH-004367,2025-08-24,North,Partner,Personal Care,8496,184,8
BATCH-004450,2025-08-24,West,Web,Home,2234,23,1
BATCH-004792,2025-08-24,East,Web,Personal Care,4088,67,3
BATCH-000806,2025-08-25,North,Partner,Beverages,1465,57,1
BATCH-001086,2025-08-25,West,Partner,Personal Care,10135,173,9
BATCH-001869,2025-08-25,South,Partner,Home,10880,117,3
BATCH-001913,2025-08-25,West,Retail,Beverages,3283,116,6
BATCH-001950,2025-08-25,South,Mobile,Personal Care,6213,129,7
BATCH-002182,2025-08-25,South,Retail,Pet Care,14553,198,6
BATCH-002330,2025-08-25,North,Retail,Pet Care,3198,54,1
BATCH-002804,2025-08-25,North,Retail,Personal Care,6405,105,2
BATCH-002809,2025-08-25,West,Retail,Personal Care,9177,157,6
BATCH-002850,2025-08-25,North,Partner,Home,6104,78,2
BATCH-003485,2025-08-25,West,Partner,Grocery,6543,139,5
BATCH-003819,2025-08-25,South,Retail,Pet Care,6115,108,2
BATCH-003849,2025-08-25,South,Partner,Grocery,6766,176,4
BATCH-004549,2025-08-25,West,Web,Home,4179,42,2
BATCH-004568,2025-08-25,East,Retail,Beverages,1035,38,1
BATCH-004903,2025-08-25,North,Retail,Beverages,572,23,1
BATCH-000613,2025-08-26,South,Mobile,Beverages,5398,171,10
BATCH-000782,2025-08-26,North,Partner,Beverages,3763,146,2
BATCH-001072,2025-08-26,East,Mobile,Pet Care,7789,144,5
BATCH-001324,2025-08-26,East,Partner,Personal Care,9527,183,6
BATCH-001370,2025-08-26,South,Mobile,Grocery,1276,28,1
BATCH-002516,2025-08-26,West,Retail,Grocery,8425,182,8
BATCH-002753,2025-08-26,South,Retail,Beverages,1886,72,2
BATCH-003440,2025-08-26,South,Web,Personal Care,3869,65,2
BATCH-003919,2025-08-26,West,Retail,Home,13339,144,6
BATCH-004190,2025-08-26,North,Mobile,Personal Care,10618,194,5
BATCH-004285,2025-08-26,West,Partner,Personal Care,9396,172,8
BATCH-004600,2025-08-26,West,Retail,Beverages,3012,110,5
BATCH-000094,2025-08-27,West,Partner,Home,16914,174,8
BATCH-000565,2025-08-27,West,Retail,Pet Care,7060,124,5
BATCH-000906,2025-08-27,South,Web,Pet Care,2428,36,1
BATCH-001685,2025-08-27,East,Web,Personal Care,7371,141,9
BATCH-001900,2025-08-27,North,Web,Personal Care,5093,112,3
BATCH-002540,2025-08-27,West,Web,Pet Care,3141,46,2
BATCH-002627,2025-08-27,South,Mobile,Beverages,2781,119,6
BATCH-002745,2025-08-27,North,Web,Grocery,1641,39,1
BATCH-002900,2025-08-27,West,Web,Personal Care,4990,116,3
BATCH-003696,2025-08-27,South,Retail,Personal Care,5535,92,2
BATCH-003856,2025-08-27,East,Web,Beverages,4715,194,8
BATCH-004146,2025-08-27,South,Retail,Personal Care,3879,90,4
BATCH-004732,2025-08-27,North,Web,Beverages,2245,82,3
BATCH-000788,2025-08-28,West,Web,Home,3691,38,2
BATCH-000919,2025-08-28,South,Mobile,Beverages,3932,153,9
BATCH-001510,2025-08-28,West,Retail,Beverages,1434,61,2
BATCH-002605,2025-08-28,West,Mobile,Beverages,3309,139,8
BATCH-003839,2025-08-28,East,Retail,Home,12267,172,5
BATCH-004804,2025-08-28,East,Partner,Grocery,3540,90,2
BATCH-001210,2025-08-29,North,Retail,Pet Care,9201,147,2
BATCH-001974,2025-08-29,South,Web,Home,4991,61,3
BATCH-003022,2025-08-29,South,Mobile,Beverages,3510,113,4
BATCH-003165,2025-08-29,North,Web,Personal Care,2328,41,2
BATCH-004305,2025-08-29,East,Web,Personal Care,6974,118,6
BATCH-004402,2025-08-29,East,Mobile,Personal Care,10499,179,12
BATCH-004772,2025-08-29,North,Partner,Personal Care,2316,44,2
BATCH-000363,2025-08-30,West,Retail,Grocery,8564,199,7
BATCH-000819,2025-08-30,North,Retail,Grocery,6429,151,6
BATCH-001012,2025-08-30,North,Mobile,Beverages,554,24,1
BATCH-001050,2025-08-30,East,Retail,Pet Care,1792,34,1
BATCH-001509,2025-08-30,South,Partner,Beverages,5759,197,3
BATCH-001736,2025-08-30,West,Retail,Grocery,3619,86,3
BATCH-001842,2025-08-30,East,Retail,Grocery,8316,168,6
BATCH-001992,2025-08-30,North,Web,Grocery,5939,151,8
BATCH-002724,2025-08-30,East,Mobile,Grocery,7475,148,7
BATCH-003367,2025-08-30,South,Web,Personal Care,5140,102,4
BATCH-003666,2025-08-30,East,Partner,Grocery,5846,140,3
BATCH-004821,2025-08-30,South,Web,Pet Care,9122,175,7
BATCH-004907,2025-08-30,West,Mobile,Beverages,568,22,1
BATCH-000327,2025-08-31,East,Retail,Home,6148,76,4
BATCH-001628,2025-08-31,West,Retail,Personal Care,1574,31,2
BATCH-001761,2025-08-31,South,Partner,Personal Care,1142,22,1
BATCH-002071,2025-08-31,West,Mobile,Grocery,7805,181,5
BATCH-002216,2025-08-31,East,Web,Personal Care,4467,78,3
BATCH-002508,2025-08-31,North,Web,Personal Care,11156,183,4
BATCH-002517,2025-08-31,South,Retail,Home,3748,40,1
BATCH-002644,2025-08-31,South,Retail,Pet Care,8282,151,2
BATCH-003326,2025-08-31,West,Web,Home,9878,115,3
BATCH-003462,2025-08-31,South,Retail,Grocery,8334,195,3
BATCH-004119,2025-08-31,North,Web,Grocery,4436,112,5
BATCH-004181,2025-08-31,South,Partner,Pet Care,5075,76,3
BATCH-004566,2025-08-31,North,Partner,Pet Care,11616,172,4
BATCH-004606,2025-08-31,South,Mobile,Grocery,7236,191,6
BATCH-004859,2025-08-31,East,Retail,Pet Care,4360,75,3
BATCH-000074,2025-09-01,North,Partner,Grocery,1882,50,2
BATCH-000334,2025-09-01,South,Retail,Personal Care,1798,37,1
BATCH-000499,2025-09-01,East,Mobile,Personal Care,2827,51,1
BATCH-000554,2025-09-01,South,Partner,Grocery,7517,160,7
BATCH-000690,2025-09-01,East,Partner,Grocery,7328,157,6
BATCH-001394,2025-09-01,South,Retail,Beverages,3411,120,2
BATCH-001421,2025-09-01,West,Retail,Pet Care,11000,166,2
BATCH-001875,2025-09-01,South,Web,Home,2721,35,1
BATCH-002275,2025-09-01,East,Web,Beverages,3494,136,7
BATCH-003105,2025-09-01,South,Web,Beverages,4732,170,10
BATCH-003518,2025-09-01,East,Web,Home,14168,166,5
BATCH-003572,2025-09-01,East,Retail,Beverages,745,24,1
BATCH-004530,2025-09-01,East,Partner,Home,9095,94,5
BATCH-004729,2025-09-01,East,Retail,Grocery,5439,125,2
BATCH-004958,2025-09-01,North,Mobile,Pet Care,1424,23,1
BATCH-000437,2025-09-02,East,Partner,Beverages,2174,73,1
BATCH-000586,2025-09-02,South,Retail,Grocery,8045,200,3
BATCH-000738,2025-09-02,North,Web,Personal Care,6046,124,8
BATCH-001195,2025-09-02,East,Partner,Beverages,4056,125,4
BATCH-001254,2025-09-02,North,Web,Beverages,1903,65,2
BATCH-004199,2025-09-02,South,Retail,Beverages,2377,85,5
BATCH-004317,2025-09-02,West,Retail,Home,12785,140,8
BATCH-004498,2025-09-02,North,Retail,Grocery,3065,62,1
BATCH-000673,2025-09-03,North,Web,Personal Care,8743,180,5
BATCH-000728,2025-09-03,East,Mobile,Home,13209,157,4
BATCH-000939,2025-09-03,South,Web,Grocery,2034,51,3
BATCH-001027,2025-09-03,North,Retail,Personal Care,1723,35,1
BATCH-001291,2025-09-03,East,Web,Grocery,8266,198,6
BATCH-001542,2025-09-03,East,Mobile,Grocery,2913,71,2
BATCH-001881,2025-09-03,North,Retail,Grocery,7639,195,5
BATCH-002174,2025-09-03,East,Partner,Home,12832,153,4
BATCH-002423,2025-09-03,West,Web,Grocery,3998,109,5
BATCH-002466,2025-09-03,South,Mobile,Home,12725,141,3
BATCH-002610,2025-09-03,West,Partner,Personal Care,11062,192,6
BATCH-003281,2025-09-03,West,Retail,Home,1992,26,1
BATCH-003536,2025-09-03,West,Partner,Home,11423,116,4
BATCH-003713,2025-09-03,South,Web,Home,16484,172,5
BATCH-003884,2025-09-03,East,Web,Grocery,4196,98,2
BATCH-003925,2025-09-03,South,Web,Beverages,542,21,1
BATCH-004055,2025-09-03,East,Mobile,Grocery,3330,82,3
BATCH-000219,2025-09-04,East,Retail,Personal Care,3099,56,1
BATCH-002366,2025-09-04,South,Partner,Home,5872,73,2
BATCH-002452,2025-09-04,North,Mobile,Pet Care,3025,50,2
BATCH-002817,2025-09-04,East,Mobile,Beverages,2855,88,2
BATCH-002885,2025-09-04,South,Mobile,Beverages,1468,46,2
BATCH-002886,2025-09-04,North,Web,Pet Care,6514,121,7
BATCH-003283,2025-09-04,East,Web,Pet Care,5666,81,3
BATCH-003433,2025-09-04,East,Partner,Grocery,1338,29,1
BATCH-003682,2025-09-04,East,Retail,Beverages,1655,61,2
BATCH-003908,2025-09-04,East,Retail,Personal Care,3378,56,3
BATCH-003952,2025-09-04,North,Mobile,Home,5576,61,4
BATCH-003986,2025-09-04,East,Retail,Beverages,5762,178,10
BATCH-003993,2025-09-04,West,Mobile,Personal Care,2426,49,2
BATCH-004218,2025-09-04,West,Mobile,Grocery,4438,100,4
BATCH-004452,2025-09-04,East,Mobile,Personal Care,4015,73,5
BATCH-004822,2025-09-04,West,Web,Pet Care,9235,132,4
BATCH-004965,2025-09-04,North,Mobile,Grocery,3495,96,5
BATCH-000882,2025-09-05,North,Mobile,Grocery,4533,113,7
BATCH-000892,2025-09-05,West,Mobile,Pet Care,8750,154,7
BATCH-001569,2025-09-05,West,Mobile,Pet Care,8477,125,6
BATCH-001847,2025-09-05,West,Partner,Home,16740,181,7
BATCH-002137,2025-09-05,North,Web,Home,7018,97,4
BATCH-002141,2025-09-05,East,Retail,Personal Care,4034,81,3
BATCH-002316,2025-09-05,North,Mobile,Personal Care,2133,49,1
BATCH-003246,2025-09-05,West,Mobile,Grocery,5996,145,9
BATCH-003635,2025-09-05,South,Mobile,Beverages,2676,113,3
BATCH-004070,2025-09-05,East,Mobile,Grocery,9259,190,8
BATCH-004612,2025-09-05,West,Partner,Personal Care,2771,55,2
BATCH-000628,2025-09-06,East,Partner,Grocery,816,21,1
BATCH-001835,2025-09-06,South,Partner,Personal Care,7114,130,7
BATCH-001947,2025-09-06,East,Web,Home,11957,152,8
BATCH-002260,2025-09-06,East,Retail,Personal Care,7232,152,6
BATCH-002604,2025-09-06,East,Partner,Home,12181,129,2
BATCH-003206,2025-09-06,South,Retail,Grocery,1350,27,1
BATCH-003284,2025-09-06,West,Mobile,Pet Care,4396,66,4
BATCH-003570,2025-09-06,North,Web,Pet Care,2525,42,1
BATCH-003702,2025-09-06,West,Mobile,Home,13847,182,4
BATCH-003900,2025-09-06,North,Partner,Pet Care,10803,159,7
BATCH-004372,2025-09-06,South,Mobile,Beverages,1776,67,2
BATCH-004464,2025-09-06,East,Mobile,Beverages,948,40,1
BATCH-004560,2025-09-06,West,Retail,Home,12971,148,4
BATCH-004619,2025-09-06,South,Mobile,Grocery,7905,159,3
BATCH-004951,2025-09-06,South,Web,Beverages,3221,104,3
BATCH-000113,2025-09-07,South,Partner,Grocery,6864,142,7
BATCH-000515,2025-09-07,West,Mobile,Personal Care,1770,34,1
BATCH-000634,2025-09-07,South,Mobile,Home,9576,118,8
BATCH-000695,2025-09-07,South,Mobile,Grocery,1173,29,2
BATCH-000745,2025-09-07,East,Partner,Grocery,1224,32,0
BATCH-000950,2025-09-07,South,Web,Personal Care,7617,173,10
BATCH-001045,2025-09-07,North,Partner,Pet Care,12955,180,7
BATCH-001296,2025-09-07,East,Partner,Pet Care,12820,178,5
BATCH-001347,2025-09-07,East,Retail,Home,14331,156,7
BATCH-001373,2025-09-07,West,Retail,Grocery,7577,157,3
BATCH-001888,2025-09-07,South,Partner,Personal Care,4412,81,3
BATCH-002612,2025-09-07,North,Mobile,Beverages,1916,66,2
BATCH-002679,2025-09-07,West,Web,Home,15168,194,12
BATCH-003125,2025-09-07,South,Web,Home,15778,186,6
BATCH-003194,2025-09-07,North,Web,Pet Care,5035,68,2
BATCH-003316,2025-09-07,East,Partner,Pet Care,12164,166,5
BATCH-004798,2025-09-07,North,Mobile,Beverages,5552,193,9
BATCH-000441,2025-09-08,North,Partner,Grocery,7542,171,9
BATCH-000825,2025-09-08,East,Mobile,Beverages,5589,198,5
BATCH-001062,2025-09-08,South,Partner,Home,10780,115,3
BATCH-001144,2025-09-08,North,Web,Personal Care,1223,25,1
BATCH-002105,2025-09-08,South,Mobile,Beverages,3227,105,3
BATCH-002510,2025-09-08,East,Retail,Home,10578,128,3
BATCH-002709,2025-09-08,South,Retail,Beverages,1406,44,1
BATCH-002835,2025-09-08,West,Partner,Home,11359,152,8
BATCH-002851,2025-09-08,South,Partner,Pet Care,3361,64,2
BATCH-003501,2025-09-08,West,Retail,Beverages,5409,187,3
BATCH-003877,2025-09-08,West,Mobile,Grocery,5895,129,6
BATCH-004115,2025-09-08,West,Partner,Home,11948,150,2
BATCH-000567,2025-09-09,North,Retail,Pet Care,6712,113,5
BATCH-000860,2025-09-09,West,Web,Personal Care,1416,29,1
BATCH-000971,2025-09-09,South,Retail,Grocery,1701,37,1
BATCH-001977,2025-09-09,South,Mobile,Home,13050,153,9
BATCH-002143,2025-09-09,East,Mobile,Grocery,1876,44,2
BATCH-002649,2025-09-09,North,Web,Home,5036,53,1
BATCH-003681,2025-09-09,North,Retail,Personal Care,7189,148,6
BATCH-004008,2025-09-09,West,Web,Home,12857,163,4
BATCH-004322,2025-09-09,South,Mobile,Personal Care,5663,96,2
BATCH-004653,2025-09-09,South,Web,Beverages,4370,150,9
BATCH-004687,2025-09-09,North,Retail,Grocery,853,22,1
BATCH-004690,2025-09-09,North,Partner,Personal Care,9056,158,7
BATCH-004922,2025-09-09,West,Web,Pet Care,5795,109,6
BATCH-000412,2025-09-10,South,Web,Pet Care,7098,109,3
BATCH-000713,2025-09-10,South,Retail,Personal Care,4591,76,3
BATCH-000995,2025-09-10,East,Mobile,Beverages,1814,65,1
BATCH-001016,2025-09-10,East,Partner,Pet Care,10877,167,6
BATCH-001168,2025-09-10,South,Web,Home,8550,106,3
BATCH-001634,2025-09-10,West,Retail,Grocery,2581,63,2
BATCH-001651,2025-09-10,North,Partner,Beverages,3278,116,6
BATCH-002290,2025-09-10,South,Mobile,Grocery,5560,108,4
BATCH-002719,2025-09-10,West,Retail,Grocery,1604,31,2
BATCH-003982,2025-09-10,West,Partner,Pet Care,9353,137,6
BATCH-004060,2025-09-10,West,Web,Beverages,1282,41,2
BATCH-004406,2025-09-10,North,Web,Beverages,3173,102,2
BATCH-004699,2025-09-10,East,Mobile,Personal Care,5674,130,5
BATCH-004716,2025-09-10,West,Partner,Personal Care,6554,113,3
BATCH-000143,2025-09-11,West,Mobile,Pet Care,5587,92,4
BATCH-000157,2025-09-11,East,Retail,Personal Care,7291,121,4
BATCH-000400,2025-09-11,West,Retail,Home,8617,110,2
BATCH-000582,2025-09-11,North,Mobile,Personal Care,9556,168,11
BATCH-000737,2025-09-11,East,Mobile,Grocery,5796,149,7
BATCH-000768,2025-09-11,South,Retail,Grocery,3452,94,2
BATCH-000859,2025-09-11,East,Mobile,Beverages,3231,137,4
BATCH-001203,2025-09-11,East,Retail,Grocery,4607,120,5
BATCH-001402,2025-09-11,North,Partner,Personal Care,1976,46,1
BATCH-001466,2025-09-11,North,Mobile,Grocery,3897,81,3
BATCH-001824,2025-09-11,South,Mobile,Grocery,2406,55,1
BATCH-001857,2025-09-11,North,Mobile,Home,12742,174,8
BATCH-002101,2025-09-11,North,Retail,Grocery,1675,36,1
BATCH-002389,2025-09-11,North,Partner,Personal Care,4010,76,4
BATCH-002470,2025-09-11,South,Mobile,Grocery,8183,161,9
BATCH-002525,2025-09-11,West,Web,Grocery,9069,190,12
BATCH-002793,2025-09-11,West,Partner,Beverages,1782,57,2
BATCH-002803,2025-09-11,East,Web,Home,4941,52,3
BATCH-002962,2025-09-11,South,Mobile,Home,19178,189,4
BATCH-003195,2025-09-11,West,Partner,Home,5567,55,2
BATCH-003552,2025-09-11,South,Mobile,Grocery,937,20,1
BATCH-003838,2025-09-11,West,Partner,Grocery,3731,85,2
BATCH-003862,2025-09-11,East,Web,Personal Care,11576,197,8
BATCH-004510,2025-09-11,West,Web,Pet Care,5009,90,5
BATCH-004564,2025-09-11,South,Retail,Beverages,5235,161,8
BATCH-004575,2025-09-11,East,Retail,Grocery,827,21,0
BATCH-000228,2025-09-12,West,Retail,Grocery,5341,106,5
BATCH-000254,2025-09-12,North,Retail,Pet Care,7386,131,6
BATCH-000657,2025-09-12,North,Web,Pet Care,5266,72,3
BATCH-001345,2025-09-12,West,Partner,Personal Care,5463,121,2
BATCH-001458,2025-09-12,South,Web,Home,15163,190,11
BATCH-001460,2025-09-12,West,Partner,Grocery,4972,112,2
BATCH-001890,2025-09-12,North,Web,Beverages,2292,78,4
BATCH-002039,2025-09-12,East,Web,Grocery,3241,64,3
BATCH-002090,2025-09-12,East,Mobile,Home,7896,99,6
BATCH-002248,2025-09-12,South,Mobile,Personal Care,6729,119,4
BATCH-002300,2025-09-12,South,Partner,Grocery,6640,183,10
BATCH-002746,2025-09-12,West,Partner,Beverages,2399,73,2
BATCH-003472,2025-09-12,West,Retail,Home,5435,61,3
BATCH-003981,2025-09-12,West,Mobile,Grocery,5133,128,5
BATCH-004156,2025-09-12,South,Retail,Beverages,1551,63,3
BATCH-004984,2025-09-12,East,Partner,Beverages,3224,133,2
BATCH-001177,2025-09-13,East,Retail,Personal Care,4505,100,5
BATCH-001257,2025-09-13,South,Mobile,Beverages,4838,189,8
BATCH-001400,2025-09-13,South,Retail,Pet Care,6306,101,2
BATCH-001944,2025-09-13,South,Mobile,Grocery,4768,95,3
BATCH-002136,2025-09-13,East,Mobile,Pet Care,5391,88,4
BATCH-002254,2025-09-13,West,Partner,Pet Care,6176,86,3
BATCH-002328,2025-09-13,West,Partner,Beverages,3344,109,6
BATCH-002771,2025-09-13,West,Web,Beverages,4588,188,5
BATCH-003186,2025-09-13,East,Retail,Personal Care,1458,26,1
BATCH-004491,2025-09-13,East,Web,Personal Care,8499,199,8
BATCH-000329,2025-09-14,South,Mobile,Pet Care,2283,34,2
BATCH-000622,2025-09-14,East,Retail,Personal Care,9135,194,4
BATCH-000815,2025-09-14,South,Retail,Personal Care,7836,142,3
BATCH-001059,2025-09-14,East,Mobile,Beverages,4444,161,4
BATCH-001218,2025-09-14,North,Retail,Personal Care,5898,133,7
BATCH-001547,2025-09-14,North,Retail,Beverages,2558,105,5
BATCH-002169,2025-09-14,East,Retail,Pet Care,4006,64,2
BATCH-002453,2025-09-14,North,Web,Personal Care,3027,56,2
BATCH-002787,2025-09-14,East,Mobile,Grocery,880,24,1
BATCH-003859,2025-09-14,West,Mobile,Personal Care,9421,199,12
BATCH-004023,2025-09-14,East,Mobile,Personal Care,10905,191,12
BATCH-004073,2025-09-14,West,Mobile,Personal Care,10111,170,9
BATCH-004266,2025-09-14,West,Partner,Grocery,1481,41,1
BATCH-004363,2025-09-14,East,Web,Grocery,9432,197,9
BATCH-004555,2025-09-14,East,Mobile,Home,6092,65,3
BATCH-004681,2025-09-14,North,Retail,Personal Care,8461,171,6
BATCH-004830,2025-09-14,North,Retail,Home,13698,173,10
BATCH-004899,2025-09-14,South,Retail,Beverages,1749,54,1
BATCH-000450,2025-09-15,West,Retail,Home,17490,180,9
BATCH-001181,2025-09-15,South,Retail,Personal Care,9650,187,8
BATCH-002038,2025-09-15,South,Mobile,Home,18114,183,4
BATCH-002342,2025-09-15,South,Partner,Personal Care,2311,52,1
BATCH-002711,2025-09-15,West,Mobile,Personal Care,1532,25,1
BATCH-003091,2025-09-15,West,Partner,Beverages,1128,40,2
BATCH-004061,2025-09-15,West,Partner,Home,9137,128,4
BATCH-004558,2025-09-15,South,Web,Pet Care,7194,138,9
BATCH-004761,2025-09-15,West,Mobile,Home,10661,123,5
BATCH-004988,2025-09-15,North,Partner,Beverages,3404,136,6
BATCH-000119,2025-09-16,East,Mobile,Beverages,2155,87,3
BATCH-000355,2025-09-16,North,Retail,Personal Care,8487,199,8
BATCH-000392,2025-09-16,South,Mobile,Grocery,3401,73,2
BATCH-000517,2025-09-16,North,Web,Personal Care,2638,54,2
BATCH-000920,2025-09-16,South,Mobile,Home,16101,161,6
BATCH-001092,2025-09-16,North,Partner,Pet Care,4724,77,4
BATCH-002014,2025-09-16,East,Partner,Grocery,6227,153,3
BATCH-002380,2025-09-16,South,Web,Beverages,4086,176,8
BATCH-003084,2025-09-16,North,Web,Pet Care,7946,111,3
BATCH-004884,2025-09-16,East,Web,Beverages,1182,48,2
BATCH-004944,2025-09-16,South,Partner,Personal Care,11338,186,5
BATCH-000670,2025-09-17,South,Partner,Beverages,3545,127,3
BATCH-002294,2025-09-17,East,Partner,Beverages,3286,101,3
BATCH-002373,2025-09-17,East,Mobile,Beverages,4717,148,4
BATCH-002925,2025-09-17,North,Retail,Home,3975,53,2
BATCH-003038,2025-09-17,North,Web,Personal Care,8859,151,5
BATCH-003651,2025-09-17,North,Web,Beverages,3215,100,4
BATCH-004110,2025-09-17,South,Partner,Beverages,1915,66,1
BATCH-004170,2025-09-17,West,Mobile,Beverages,4523,183,5
BATCH-004201,2025-09-17,North,Mobile,Beverages,1504,55,3
BATCH-004265,2025-09-17,North,Web,Home,7028,74,2
BATCH-004562,2025-09-17,West,Web,Grocery,3693,101,4
BATCH-001229,2025-09-18,East,Retail,Pet Care,7309,141,7
BATCH-001392,2025-09-18,West,Web,Personal Care,6590,137,4
BATCH-001529,2025-09-18,North,Mobile,Personal Care,7178,152,6
BATCH-001788,2025-09-18,South,Retail,Home,6449,72,3
BATCH-002002,2025-09-18,North,Retail,Home,3747,49,1
BATCH-002228,2025-09-18,East,Retail,Home,6010,83,3
BATCH-003272,2025-09-18,East,Mobile,Beverages,3792,117,3
BATCH-003344,2025-09-18,West,Mobile,Grocery,7932,177,9
BATCH-003629,2025-09-18,North,Retail,Home,9538,128,5
BATCH-003644,2025-09-18,South,Retail,Pet Care,3927,59,1
BATCH-003790,2025-09-18,South,Mobile,Home,10549,111,6
BATCH-004248,2025-09-18,North,Retail,Grocery,2740,53,2
BATCH-004432,2025-09-18,East,Partner,Grocery,6361,160,6
BATCH-004844,2025-09-18,West,Retail,Pet Care,10326,181,6
BATCH-000507,2025-09-19,East,Partner,Personal Care,9612,172,5
BATCH-000607,2025-09-19,South,Retail,Grocery,6289,144,2
BATCH-000809,2025-09-19,North,Mobile,Personal Care,11394,188,4
BATCH-000881,2025-09-19,East,Retail,Home,7515,85,2
BATCH-001090,2025-09-19,West,Web,Grocery,8460,184,5
BATCH-001164,2025-09-19,South,Mobile,Home,5397,74,4
BATCH-001349,2025-09-19,North,Web,Beverages,1841,62,2
BATCH-001576,2025-09-19,North,Mobile,Pet Care,6390,114,5
BATCH-002400,2025-09-19,North,Mobile,Personal Care,3073,68,4
BATCH-002479,2025-09-19,North,Retail,Beverages,3949,156,5
BATCH-002576,2025-09-19,North,Mobile,Home,4820,53,3
BATCH-002778,2025-09-19,East,Retail,Beverages,2879,88,2
BATCH-002820,2025-09-19,South,Partner,Home,10520,120,6
BATCH-002999,2025-09-19,South,Retail,Home,11093,129,5
BATCH-003158,2025-09-19,West,Mobile,Grocery,3707,99,6
BATCH-003248,2025-09-19,North,Mobile,Personal Care,3740,74,2
BATCH-003264,2025-09-19,East,Retail,Personal Care,8620,157,6
BATCH-003402,2025-09-19,West,Mobile,Home,15223,160,9
BATCH-003732,2025-09-19,West,Web,Home,15174,175,6
BATCH-000624,2025-09-20,West,Web,Home,3712,51,2
BATCH-000709,2025-09-20,North,Partner,Beverages,2958,96,1
BATCH-000771,2025-09-20,West,Retail,Beverages,2958,97,3
BATCH-000777,2025-09-20,East,Mobile,Grocery,8407,194,7
BATCH-001860,2025-09-20,West,Retail,Personal Care,2679,59,2
BATCH-001945,2025-09-20,East,Web,Personal Care,4778,85,5
BATCH-002301,2025-09-20,East,Retail,Personal Care,3960,88,5
BATCH-002307,2025-09-20,South,Partner,Pet Care,9671,166,6
BATCH-002458,2025-09-20,East,Web,Home,5741,62,2
BATCH-002911,2025-09-20,East,Web,Home,2199,22,1
BATCH-003324,2025-09-20,South,Partner,Pet Care,8987,154,6
BATCH-003495,2025-09-20,West,Web,Home,14177,142,3
BATCH-003736,2025-09-20,East,Partner,Grocery,4287,99,2
BATCH-004059,2025-09-20,North,Web,Home,15200,188,11
BATCH-004403,2025-09-20,West,Partner,Beverages,5979,189,3
BATCH-004933,2025-09-20,North,Partner,Home,12679,134,2
BATCH-004934,2025-09-20,North,Mobile,Personal Care,6046,136,8
BATCH-000064,2025-09-21,West,Partner,Grocery,8474,188,5
BATCH-000844,2025-09-21,South,Retail,Pet Care,1321,25,1
BATCH-001535,2025-09-21,East,Web,Home,12133,166,4
BATCH-001613,2025-09-21,North,Mobile,Grocery,1160,23,1
BATCH-001672,2025-09-21,East,Mobile,Grocery,4172,106,5
BATCH-001879,2025-09-21,North,Partner,Personal Care,3469,68,3
BATCH-001923,2025-09-21,South,Retail,Pet Care,7219,102,5
BATCH-002033,2025-09-21,West,Retail,Home,12083,136,6
BATCH-002427,2025-09-21,South,Retail,Personal Care,6195,127,4
BATCH-002956,2025-09-21,South,Web,Home,13724,146,9
BATCH-003520,2025-09-21,North,Retail,Pet Care,11055,163,6
BATCH-003930,2025-09-21,South,Web,Personal Care,3710,61,3
BATCH-004014,2025-09-21,North,Partner,Pet Care,13821,198,3
BATCH-004384,2025-09-21,East,Partner,Home,17974,180,9
BATCH-004419,2025-09-21,South,Partner,Pet Care,3831,72,2
BATCH-004454,2025-09-21,North,Retail,Home,6368,88,4
BATCH-004640,2025-09-21,South,Mobile,Beverages,4581,164,6
BATCH-004753,2025-09-21,South,Web,Grocery,6634,144,4
BATCH-004787,2025-09-21,East,Mobile,Pet Care,8714,151,7
BATCH-000543,2025-09-22,East,Mobile,Home,8053,92,6
BATCH-000884,2025-09-22,North,Mobile,Personal Care,11542,195,6
BATCH-000988,2025-09-22,South,Retail,Pet Care,2420,40,2
BATCH-001083,2025-09-22,North,Retail,Home,14419,191,6
BATCH-001929,2025-09-22,East,Retail,Personal Care,5550,94,1
BATCH-002230,2025-09-22,West,Partner,Grocery,2955,70,3
BATCH-003389,2025-09-22,South,Retail,Pet Care,7681,123,7
BATCH-004953,2025-09-22,East,Web,Personal Care,7144,126,5
BATCH-000700,2025-09-23,South,Mobile,Home,11007,133,7
BATCH-000755,2025-09-23,North,Web,Beverages,5768,200,12
BATCH-001093,2025-09-23,South,Mobile,Pet Care,6386,121,6
BATCH-001612,2025-09-23,North,Partner,Beverages,5779,185,9
BATCH-001677,2025-09-23,West,Web,Pet Care,1616,25,1
BATCH-002631,2025-09-23,South,Partner,Grocery,6602,135,7
BATCH-002839,2025-09-23,South,Mobile,Home,14857,154,6
BATCH-003071,2025-09-23,South,Mobile,Personal Care,10363,195,8
BATCH-003080,2025-09-23,South,Partner,Grocery,3039,71,1
BATCH-003393,2025-09-23,East,Retail,Pet Care,10423,180,9
BATCH-003668,2025-09-23,East,Web,Personal Care,3604,65,2
BATCH-004284,2025-09-23,North,Partner,Home,10295,103,5
BATCH-004557,2025-09-23,East,Mobile,Beverages,2852,87,3
BATCH-004593,2025-09-23,North,Mobile,Beverages,2092,74,2
BATCH-004609,2025-09-23,West,Web,Grocery,1438,28,1
BATCH-004639,2025-09-23,West,Partner,Pet Care,5719,93,2
BATCH-004878,2025-09-23,West,Partner,Grocery,1907,44,1
BATCH-000137,2025-09-24,North,Partner,Grocery,6669,183,4
BATCH-000521,2025-09-24,North,Retail,Personal Care,1947,33,1
BATCH-001707,2025-09-24,West,Web,Pet Care,13228,180,10
BATCH-001976,2025-09-24,West,Web,Beverages,1298,48,2
BATCH-002352,2025-09-24,West,Web,Home,3745,46,1
BATCH-002567,2025-09-24,East,Partner,Home,13219,178,8
BATCH-002928,2025-09-24,South,Retail,Pet Care,4924,70,2
BATCH-002952,2025-09-24,South,Partner,Pet Care,2559,38,1
BATCH-003215,2025-09-24,East,Web,Personal Care,7005,125,4
BATCH-003304,2025-09-24,South,Retail,Home,8347,85,2
BATCH-003609,2025-09-24,East,Retail,Personal Care,2886,67,3
BATCH-003830,2025-09-24,West,Web,Beverages,6313,198,13
BATCH-004314,2025-09-24,South,Retail,Beverages,4190,131,2
BATCH-004437,2025-09-24,North,Web,Beverages,4383,159,8
BATCH-004518,2025-09-24,East,Partner,Home,14073,161,6
BATCH-004534,2025-09-24,South,Partner,Grocery,4023,110,5
BATCH-004605,2025-09-24,North,Partner,Personal Care,4264,73,2
BATCH-000121,2025-09-25,West,Partner,Beverages,2462,107,5
BATCH-000681,2025-09-25,West,Partner,Personal Care,2392,44,1
BATCH-000685,2025-09-25,West,Mobile,Home,13350,150,5
BATCH-000967,2025-09-25,North,Partner,Home,15347,196,3
BATCH-001161,2025-09-25,South,Web,Home,12789,130,8
BATCH-001331,2025-09-25,West,Retail,Grocery,4299,100,5
BATCH-001524,2025-09-25,North,Web,Personal Care,3622,68,2
BATCH-001750,2025-09-25,North,Mobile,Beverages,2589,97,3
BATCH-002434,2025-09-25,West,Partner,Personal Care,10730,190,5
BATCH-002481,2025-09-25,West,Retail,Beverages,4568,154,8
BATCH-002840,2025-09-25,West,Partner,Grocery,4643,96,2
BATCH-002975,2025-09-25,East,Partner,Pet Care,9922,144,4
BATCH-002986,2025-09-25,East,Web,Grocery,6277,165,9
BATCH-003068,2025-09-25,East,Mobile,Home,12728,133,5
BATCH-003154,2025-09-25,East,Partner,Pet Care,10465,193,6
BATCH-003798,2025-09-25,East,Mobile,Pet Care,5075,75,3
BATCH-003818,2025-09-25,West,Web,Home,13342,175,4
BATCH-004348,2025-09-25,East,Retail,Personal Care,5412,97,2
BATCH-004418,2025-09-25,South,Partner,Beverages,4475,173,5
BATCH-004674,2025-09-25,West,Retail,Pet Care,9928,180,2
BATCH-000285,2025-09-26,East,Partner,Home,3825,54,3
BATCH-002530,2025-09-26,West,Web,Home,1936,23,1
BATCH-002536,2025-09-26,South,Retail,Grocery,968,26,1
BATCH-003142,2025-09-26,East,Partner,Personal Care,9202,152,4
BATCH-003182,2025-09-26,West,Retail,Personal Care,4067,91,2
BATCH-003478,2025-09-26,South,Web,Beverages,3706,158,4
BATCH-003957,2025-09-26,East,Mobile,Home,2658,35,2
BATCH-004565,2025-09-26,North,Mobile,Beverages,5163,181,6
BATCH-004711,2025-09-26,South,Partner,Pet Care,9859,160,2
BATCH-000341,2025-09-27,North,Partner,Home,12478,175,5
BATCH-000491,2025-09-27,East,Web,Pet Care,9984,143,6
BATCH-000539,2025-09-27,West,Partner,Beverages,3412,144,8
BATCH-000786,2025-09-27,West,Partner,Home,11229,114,5
BATCH-001109,2025-09-27,North,Partner,Home,17016,180,8
BATCH-002205,2025-09-27,South,Mobile,Beverages,2258,95,5
BATCH-002263,2025-09-27,East,Mobile,Home,6218,84,5
BATCH-003119,2025-09-27,West,Retail,Personal Care,4269,99,4
BATCH-003762,2025-09-27,South,Web,Beverages,3788,121,5
BATCH-004062,2025-09-27,South,Mobile,Grocery,6823,186,6
BATCH-004143,2025-09-27,West,Mobile,Pet Care,1409,26,1
BATCH-004968,2025-09-27,South,Web,Home,5772,57,2
BATCH-000401,2025-09-28,North,Mobile,Personal Care,7463,152,8
BATCH-001391,2025-09-28,South,Retail,Grocery,9086,179,8
BATCH-001506,2025-09-28,South,Web,Beverages,1865,57,2
BATCH-001949,2025-09-28,West,Retail,Home,13703,194,8
BATCH-001957,2025-09-28,West,Partner,Personal Care,2732,49,2
BATCH-002480,2025-09-28,North,Partner,Beverages,1179,49,2
BATCH-002919,2025-09-28,North,Web,Grocery,3530,78,3
BATCH-003044,2025-09-28,South,Mobile,Pet Care,10096,158,6
BATCH-003360,2025-09-28,West,Web,Pet Care,3298,49,2
BATCH-003878,2025-09-28,West,Retail,Pet Care,8500,134,6
BATCH-004148,2025-09-28,East,Partner,Beverages,4461,146,4
BATCH-004278,2025-09-28,North,Retail,Personal Care,5430,110,2
BATCH-000091,2025-09-29,South,Web,Pet Care,6408,101,6
BATCH-000693,2025-09-29,North,Retail,Personal Care,6604,151,4
BATCH-000907,2025-09-29,West,Partner,Pet Care,9010,149,3
BATCH-001539,2025-09-29,North,Partner,Personal Care,3929,76,1
BATCH-001941,2025-09-29,South,Partner,Pet Care,11220,200,7
BATCH-003174,2025-09-29,South,Retail,Grocery,8713,189,6
BATCH-003197,2025-09-29,East,Mobile,Beverages,4949,158,6
BATCH-003581,2025-09-29,East,Web,Beverages,4061,160,8
BATCH-003850,2025-09-29,South,Partner,Beverages,1338,47,1
BATCH-003943,2025-09-29,West,Partner,Grocery,4789,94,4
BATCH-004086,2025-09-29,East,Partner,Grocery,5607,138,6
BATCH-004250,2025-09-29,West,Mobile,Personal Care,9036,177,11
BATCH-000096,2025-09-30,East,Mobile,Beverages,4295,146,4
BATCH-000155,2025-09-30,West,Partner,Pet Care,13167,184,8
BATCH-000703,2025-09-30,South,Partner,Pet Care,2954,56,1
BATCH-000846,2025-09-30,West,Partner,Grocery,7325,145,2
BATCH-000975,2025-09-30,East,Mobile,Pet Care,13639,198,6
BATCH-001031,2025-09-30,East,Mobile,Pet Care,8077,148,9
BATCH-001230,2025-09-30,West,Web,Personal Care,11626,198,5
BATCH-001366,2025-09-30,West,Retail,Home,14018,139,5
BATCH-001625,2025-09-30,South,Retail,Beverages,1189,39,1
BATCH-002225,2025-09-30,North,Partner,Beverages,3146,126,2
BATCH-002388,2025-09-30,North,Mobile,Pet Care,5277,76,3
BATCH-002428,2025-09-30,South,Retail,Pet Care,9030,129,2
BATCH-003306,2025-09-30,South,Partner,Home,5956,63,3
BATCH-003515,2025-09-30,North,Mobile,Beverages,3168,97,5
BATCH-003575,2025-09-30,East,Mobile,Home,7984,82,3
BATCH-003956,2025-09-30,South,Retail,Pet Care,9555,179,9
BATCH-000783,2025-10-01,East,Partner,Home,14615,151,6
BATCH-000792,2025-10-01,South,Partner,Home,11187,140,5
BATCH-001150,2025-10-01,South,Mobile,Pet Care,11506,190,12
BATCH-001348,2025-10-01,West,Web,Home,4514,62,2
BATCH-001464,2025-10-01,North,Mobile,Grocery,4962,109,3
BATCH-002029,2025-10-01,North,Retail,Grocery,7953,157,6
BATCH-003950,2025-10-01,West,Retail,Grocery,3054,70,2
BATCH-004193,2025-10-01,South,Mobile,Home,10934,108,5
BATCH-004509,2025-10-01,South,Partner,Pet Care,5046,83,5
BATCH-004515,2025-10-01,South,Retail,Home,13278,163,5
BATCH-004625,2025-10-01,South,Mobile,Home,13556,182,11
BATCH-004937,2025-10-01,South,Web,Home,6794,73,4
BATCH-004964,2025-10-01,South,Mobile,Pet Care,3870,67,4
BATCH-004995,2025-10-01,North,Web,Grocery,8022,162,8
BATCH-000551,2025-10-02,North,Partner,Personal Care,9150,185,5
BATCH-000564,2025-10-02,East,Web,Grocery,2452,54,1
BATCH-001251,2025-10-02,South,Mobile,Pet Care,10738,154,4
BATCH-001396,2025-10-02,East,Partner,Beverages,4436,183,5
BATCH-001463,2025-10-02,South,Web,Grocery,4802,100,4
BATCH-001730,2025-10-02,East,Partner,Home,6264,73,3
BATCH-001893,2025-10-02,East,Mobile,Beverages,3369,118,7
BATCH-002085,2025-10-02,East,Retail,Grocery,2083,45,1
BATCH-002991,2025-10-02,South,Retail,Personal Care,3083,52,1
BATCH-003289,2025-10-02,West,Web,Beverages,3231,112,3
BATCH-003438,2025-10-02,East,Partner,Pet Care,9127,123,4
BATCH-003980,2025-10-02,West,Web,Personal Care,8649,143,9
BATCH-004971,2025-10-02,North,Retail,Personal Care,11281,198,3
BATCH-000389,2025-10-03,South,Partner,Home,10484,123,3
BATCH-000503,2025-10-03,North,Partner,Grocery,3209,85,1
BATCH-000824,2025-10-03,South,Mobile,Home,17768,183,10
BATCH-000866,2025-10-03,South,Partner,Pet Care,9107,129,6
BATCH-002232,2025-10-03,South,Web,Beverages,2800,113,6
BATCH-003407,2025-10-03,South,Web,Home,17086,182,11
BATCH-003483,2025-10-03,South,Retail,Grocery,5060,106,6
BATCH-004136,2025-10-03,South,Web,Home,17395,184,5
BATCH-004522,2025-10-03,South,Retail,Personal Care,1823,36,1
BATCH-004660,2025-10-03,North,Partner,Pet Care,10527,176,3
BATCH-004906,2025-10-03,North,Mobile,Beverages,670,22,1
BATCH-000057,2025-10-04,North,Retail,Personal Care,8037,141,7
BATCH-000227,2025-10-04,West,Web,Pet Care,10084,170,7
BATCH-000423,2025-10-04,West,Retail,Beverages,4401,157,7
BATCH-000618,2025-10-04,East,Web,Home,4340,61,4
BATCH-000762,2025-10-04,West,Web,Grocery,1282,34,2
BATCH-001190,2025-10-04,North,Partner,Home,8786,113,4
BATCH-002252,2025-10-04,East,Mobile,Beverages,2723,84,2
BATCH-002924,2025-10-04,East,Web,Home,3996,48,1
BATCH-003189,2025-10-04,West,Partner,Personal Care,4321,90,4
BATCH-003911,2025-10-04,South,Partner,Home,4381,46,1
BATCH-004133,2025-10-04,East,Retail,Grocery,4953,131,5
BATCH-004292,2025-10-04,South,Retail,Pet Care,1893,26,1
BATCH-000283,2025-10-05,North,Mobile,Grocery,2708,67,3
BATCH-000451,2025-10-05,East,Retail,Pet Care,5809,79,1
BATCH-001149,2025-10-05,West,Retail,Grocery,4824,117,6
BATCH-001263,2025-10-05,West,Partner,Beverages,830,34,1
BATCH-001289,2025-10-05,South,Web,Grocery,5265,136,8
BATCH-001334,2025-10-05,South,Mobile,Beverages,3887,159,7
BATCH-002081,2025-10-05,South,Retail,Pet Care,11053,172,6
BATCH-002203,2025-10-05,South,Retail,Beverages,4497,182,7
BATCH-003015,2025-10-05,South,Mobile,Beverages,1994,72,3
BATCH-003100,2025-10-05,West,Mobile,Personal Care,6315,123,6
BATCH-003138,2025-10-05,East,Web,Beverages,825,34,2
BATCH-003804,2025-10-05,South,Web,Pet Care,6320,112,3
BATCH-004038,2025-10-05,West,Retail,Beverages,3210,129,4
BATCH-004240,2025-10-05,East,Retail,Grocery,7037,178,8
BATCH-004633,2025-10-05,East,Mobile,Personal Care,3031,55,1
BATCH-004740,2025-10-05,East,Web,Personal Care,7907,137,6
BATCH-004980,2025-10-05,West,Web,Grocery,5314,111,7
BATCH-000402,2025-10-06,East,Web,Personal Care,7219,120,3
BATCH-001271,2025-10-06,North,Web,Pet Care,2853,43,1
BATCH-001305,2025-10-06,North,Retail,Personal Care,7011,124,7
BATCH-001681,2025-10-06,North,Mobile,Personal Care,4826,91,3
BATCH-002126,2025-10-06,North,Mobile,Beverages,3961,155,9
BATCH-002129,2025-10-06,East,Web,Grocery,3195,81,3
BATCH-002511,2025-10-06,North,Web,Beverages,641,21,1
BATCH-002640,2025-10-06,North,Retail,Personal Care,7050,164,4
BATCH-003770,2025-10-06,South,Partner,Beverages,1225,38,1
BATCH-004456,2025-10-06,West,Mobile,Personal Care,7411,155,7
BATCH-000013,2025-10-07,North,Web,Beverages,4351,163,8
BATCH-000979,2025-10-07,West,Mobile,Personal Care,5288,107,6
BATCH-001198,2025-10-07,East,Partner,Home,13368,135,2
BATCH-001346,2025-10-07,South,Web,Home,4126,42,2
BATCH-001680,2025-10-07,East,Mobile,Grocery,4204,82,4
BATCH-002006,2025-10-07,South,Retail,Home,3826,50,3
BATCH-002209,2025-10-07,East,Web,Pet Care,12168,185,10
BATCH-002451,2025-10-07,North,Web,Beverages,4609,149,4
BATCH-003121,2025-10-07,North,Mobile,Beverages,2578,111,6
BATCH-003750,2025-10-07,West,Retail,Home,7824,93,2
BATCH-003803,2025-10-07,East,Web,Beverages,914,35,2
BATCH-000458,2025-10-08,South,Web,Pet Care,10160,196,9
BATCH-000584,2025-10-08,East,Retail,Home,12771,140,7
BATCH-001025,2025-10-08,North,Retail,Grocery,6229,140,8
BATCH-001126,2025-10-08,East,Partner,Pet Care,9517,180,7
BATCH-001153,2025-10-08,East,Mobile,Grocery,8789,170,4
BATCH-001424,2025-10-08,East,Mobile,Grocery,1414,34,1
BATCH-001577,2025-10-08,South,Partner,Grocery,4378,96,1
BATCH-001581,2025-10-08,South,Retail,Home,16062,177,3
BATCH-002341,2025-10-08,East,Partner,Grocery,7802,159,3
BATCH-002368,2025-10-08,South,Mobile,Grocery,8709,197,7
BATCH-003353,2025-10-08,West,Mobile,Grocery,8016,159,5
BATCH-003550,2025-10-08,North,Web,Beverages,5777,180,8
BATCH-003757,2025-10-08,East,Retail,Personal Care,8259,174,8
BATCH-003866,2025-10-08,East,Partner,Pet Care,8141,139,6
BATCH-004039,2025-10-08,West,Web,Beverages,4220,132,8
BATCH-004166,2025-10-08,South,Mobile,Beverages,5442,179,8
BATCH-004209,2025-10-08,East,Web,Home,10765,147,4
BATCH-004889,2025-10-08,South,Web,Home,2007,28,2
BATCH-000575,2025-10-09,West,Web,Pet Care,3899,67,2
BATCH-001854,2025-10-09,South,Web,Beverages,915,36,2
BATCH-001997,2025-10-09,East,Web,Pet Care,9105,176,11
BATCH-002130,2025-10-09,South,Web,Beverages,1679,51,3
BATCH-002284,2025-10-09,North,Partner,Grocery,9238,198,10
BATCH-002726,2025-10-09,East,Retail,Pet Care,7157,117,4
BATCH-003524,2025-10-09,North,Partner,Beverages,4143,144,5
BATCH-003617,2025-10-09,South,Retail,Grocery,4494,94,5
BATCH-003814,2025-10-09,South,Retail,Personal Care,5794,120,5
BATCH-004047,2025-10-09,North,Retail,Home,2570,26,1
BATCH-004052,2025-10-09,North,Partner,Beverages,3363,138,7
BATCH-004416,2025-10-09,West,Retail,Grocery,8954,198,6
BATCH-004455,2025-10-09,West,Web,Grocery,5523,113,6
BATCH-004737,2025-10-09,West,Partner,Beverages,2257,74,1
BATCH-004868,2025-10-09,South,Retail,Grocery,5560,154,5
BATCH-000123,2025-10-10,West,Partner,Pet Care,8973,162,4
BATCH-000576,2025-10-10,South,Retail,Pet Care,2382,35,2
BATCH-000828,2025-10-10,South,Partner,Beverages,3012,112,6
BATCH-000952,2025-10-10,East,Web,Beverages,3833,124,8
BATCH-001211,2025-10-10,North,Mobile,Pet Care,7599,111,6
BATCH-001446,2025-10-10,West,Retail,Beverages,1292,53,1
BATCH-001559,2025-10-10,North,Retail,Home,20064,199,6
BATCH-001942,2025-10-10,East,Mobile,Personal Care,7238,124,3
BATCH-002001,2025-10-10,East,Mobile,Personal Care,3302,66,4
BATCH-002446,2025-10-10,West,Partner,Pet Care,11449,165,4
BATCH-002549,2025-10-10,East,Retail,Grocery,8095,162,7
BATCH-002579,2025-10-10,East,Web,Beverages,4991,188,10
BATCH-002733,2025-10-10,East,Mobile,Pet Care,14044,192,5
BATCH-002849,2025-10-10,East,Retail,Pet Care,6995,107,2
BATCH-003435,2025-10-10,East,Mobile,Personal Care,4190,88,2
BATCH-003467,2025-10-10,South,Web,Beverages,3334,112,5
BATCH-003616,2025-10-10,West,Web,Personal Care,3938,70,3
BATCH-004033,2025-10-10,South,Mobile,Grocery,3108,61,2
BATCH-004330,2025-10-10,South,Mobile,Personal Care,8485,145,8
BATCH-004331,2025-10-10,South,Web,Personal Care,3638,78,5
BATCH-004438,2025-10-10,West,Retail,Pet Care,9458,139,5
BATCH-004471,2025-10-10,West,Web,Beverages,2646,83,2
BATCH-004926,2025-10-10,North,Web,Home,5202,64,2
BATCH-004935,2025-10-10,South,Web,Pet Care,9392,131,3
BATCH-004950,2025-10-10,East,Partner,Home,16687,182,3
BATCH-001003,2025-10-11,East,Retail,Personal Care,9422,169,3
BATCH-001342,2025-10-11,North,Web,Beverages,1172,48,2
BATCH-001387,2025-10-11,East,Partner,Pet Care,6165,118,4
BATCH-001712,2025-10-11,South,Retail,Home,2233,26,0
BATCH-001783,2025-10-11,North,Web,Beverages,994,42,1
BATCH-002418,2025-10-11,West,Retail,Personal Care,1030,23,1
BATCH-003175,2025-10-11,North,Mobile,Personal Care,3327,67,4
BATCH-003278,2025-10-11,South,Partner,Beverages,3584,114,1
BATCH-003287,2025-10-11,South,Mobile,Pet Care,5736,94,6
BATCH-003383,2025-10-11,North,Retail,Home,6616,71,3
BATCH-003637,2025-10-11,West,Retail,Personal Care,9296,157,8
BATCH-003965,2025-10-11,North,Retail,Grocery,7229,153,4
BATCH-003990,2025-10-11,South,Retail,Personal Care,2990,54,2
BATCH-004974,2025-10-11,East,Partner,Personal Care,3114,53,2
BATCH-000351,2025-10-12,East,Mobile,Grocery,3192,74,2
BATCH-000727,2025-10-12,West,Retail,Grocery,6758,187,7
BATCH-001019,2025-10-12,South,Web,Home,6418,78,2
BATCH-001142,2025-10-12,South,Web,Home,4926,52,2
BATCH-001525,2025-10-12,North,Partner,Grocery,6718,137,6
BATCH-002065,2025-10-12,North,Partner,Grocery,6799,181,2
BATCH-002842,2025-10-12,West,Partner,Pet Care,2868,44,2
BATCH-002929,2025-10-12,East,Partner,Personal Care,8212,173,7
BATCH-004002,2025-10-12,East,Retail,Personal Care,2318,39,1
BATCH-004113,2025-10-12,West,Mobile,Home,4512,60,2
BATCH-004812,2025-10-12,East,Retail,Beverages,4070,134,3
BATCH-004955,2025-10-12,North,Partner,Beverages,3981,124,3
BATCH-000731,2025-10-13,North,Web,Beverages,5690,193,10
BATCH-000862,2025-10-13,West,Mobile,Home,9333,102,4
BATCH-000900,2025-10-13,South,Web,Home,16831,200,9
BATCH-000959,2025-10-13,East,Retail,Grocery,8581,173,7
BATCH-002288,2025-10-13,South,Web,Home,9986,126,4
BATCH-002943,2025-10-13,West,Web,Home,18418,183,6
BATCH-003274,2025-10-13,North,Partner,Personal Care,5880,124,2
BATCH-003795,2025-10-13,East,Web,Personal Care,1389,28,2
BATCH-004165,2025-10-13,South,Web,Grocery,2082,45,2
BATCH-004261,2025-10-13,West,Web,Grocery,5364,138,9
BATCH-004282,2025-10-13,East,Web,Grocery,2694,73,3
BATCH-004637,2025-10-13,East,Web,Grocery,6910,142,8
BATCH-004757,2025-10-13,East,Web,Home,15735,156,5
BATCH-000003,2025-10-14,North,Mobile,Personal Care,962,22,1
BATCH-000040,2025-10-14,East,Retail,Home,8720,95,2
BATCH-000652,2025-10-14,North,Mobile,Personal Care,11524,200,5
BATCH-000839,2025-10-14,East,Web,Beverages,3786,125,3
BATCH-001143,2025-10-14,North,Web,Pet Care,8942,130,6
BATCH-001554,2025-10-14,North,Retail,Beverages,1659,69,3
BATCH-001598,2025-10-14,South,Web,Beverages,2209,67,4
BATCH-002183,2025-10-14,East,Mobile,Beverages,5393,197,10
BATCH-002658,2025-10-14,North,Retail,Home,5187,70,4
BATCH-002988,2025-10-14,East,Mobile,Personal Care,4583,96,4
BATCH-003171,2025-10-14,South,Retail,Grocery,6500,138,2
BATCH-003464,2025-10-14,South,Mobile,Grocery,1893,45,2
BATCH-003498,2025-10-14,South,Web,Personal Care,4506,85,2
BATCH-004016,2025-10-14,West,Retail,Beverages,5860,180,3
BATCH-000547,2025-10-15,East,Mobile,Beverages,3454,127,8
BATCH-001697,2025-10-15,South,Web,Home,9320,125,6
BATCH-002123,2025-10-15,West,Partner,Pet Care,4683,82,2
BATCH-002504,2025-10-15,North,Web,Personal Care,8384,178,7
BATCH-002538,2025-10-15,East,Retail,Grocery,1932,52,1
BATCH-002572,2025-10-15,North,Partner,Beverages,4338,149,6
BATCH-003039,2025-10-15,South,Partner,Beverages,1774,77,4
BATCH-003587,2025-10-15,South,Web,Home,7192,75,3
BATCH-003649,2025-10-15,East,Web,Home,14329,198,11
BATCH-004476,2025-10-15,South,Mobile,Personal Care,9446,162,9
BATCH-004966,2025-10-15,North,Web,Grocery,6829,166,9
BATCH-000807,2025-10-16,East,Retail,Grocery,2885,66,2
BATCH-000812,2025-10-16,North,Retail,Beverages,1362,47,1
BATCH-000982,2025-10-16,North,Mobile,Beverages,550,22,1
BATCH-001115,2025-10-16,West,Retail,Beverages,4146,156,8
BATCH-001175,2025-10-16,West,Partner,Home,15976,165,3
BATCH-001281,2025-10-16,South,Partner,Pet Care,8659,130,3
BATCH-001403,2025-10-16,West,Mobile,Pet Care,11969,197,6
BATCH-001415,2025-10-16,South,Partner,Personal Care,1652,30,1
BATCH-001939,2025-10-16,South,Retail,Personal Care,7013,124,6
BATCH-002099,2025-10-16,East,Mobile,Grocery,9450,187,11
BATCH-003563,2025-10-16,North,Retail,Beverages,4364,186,10
BATCH-003907,2025-10-16,West,Partner,Pet Care,10836,165,4
BATCH-000085,2025-10-17,West,Partner,Grocery,1552,30,1
BATCH-000188,2025-10-17,East,Partner,Pet Care,7416,117,2
BATCH-000370,2025-10-17,West,Mobile,Beverages,4541,181,10
BATCH-000413,2025-10-17,South,Partner,Grocery,6281,136,2
BATCH-001822,2025-10-17,East,Web,Grocery,2536,52,2
BATCH-001998,2025-10-17,North,Retail,Beverages,1990,75,3
BATCH-002918,2025-10-17,East,Partner,Pet Care,3509,53,2
BATCH-003561,2025-10-17,South,Partner,Beverages,645,28,1
BATCH-003634,2025-10-17,West,Partner,Home,4981,64,2
BATCH-004396,2025-10-17,North,Retail,Beverages,1400,53,2
BATCH-000817,2025-10-18,East,Web,Pet Care,4827,90,2
BATCH-001784,2025-10-18,West,Web,Grocery,5283,114,5
BATCH-001968,2025-10-18,North,Partner,Grocery,5652,133,6
BATCH-001994,2025-10-18,East,Partner,Home,10545,109,5
BATCH-002666,2025-10-18,North,Partner,Grocery,1864,51,2
BATCH-002950,2025-10-18,East,Partner,Beverages,3042,121,5
BATCH-004213,2025-10-18,South,Retail,Personal Care,7882,171,3
BATCH-004356,2025-10-18,South,Partner,Grocery,2878,60,2
BATCH-004767,2025-10-18,West,Partner,Pet Care,5801,84,4
BATCH-004819,2025-10-18,East,Mobile,Personal Care,1346,31,1
BATCH-004826,2025-10-18,South,Mobile,Grocery,3906,98,4
BATCH-000036,2025-10-19,East,Web,Grocery,2668,58,2
BATCH-000128,2025-10-19,South,Web,Beverages,1519,57,4
BATCH-000218,2025-10-19,South,Mobile,Personal Care,8330,187,8
BATCH-000548,2025-10-19,North,Web,Beverages,6129,190,9
BATCH-001041,2025-10-19,East,Web,Grocery,2844,58,2
BATCH-001194,2025-10-19,West,Retail,Grocery,5670,121,6
BATCH-001505,2025-10-19,South,Partner,Personal Care,10599,180,5
BATCH-001649,2025-10-19,North,Partner,Grocery,2765,55,3
BATCH-002462,2025-10-19,North,Web,Pet Care,5362,73,4
BATCH-003149,2025-10-19,North,Retail,Pet Care,8278,158,8
BATCH-003350,2025-10-19,East,Web,Personal Care,2315,49,2
BATCH-003474,2025-10-19,East,Partner,Personal Care,4761,100,3
BATCH-004495,2025-10-19,South,Mobile,Personal Care,3453,57,2
BATCH-000058,2025-10-20,South,Web,Grocery,6549,153,7
BATCH-001155,2025-10-20,East,Retail,Grocery,2910,63,1
BATCH-001238,2025-10-20,South,Retail,Home,16866,183,3
BATCH-001656,2025-10-20,East,Mobile,Grocery,5028,119,3
BATCH-001758,2025-10-20,North,Mobile,Grocery,5882,117,4
BATCH-002910,2025-10-20,East,Partner,Personal Care,6629,142,8
BATCH-003161,2025-10-20,South,Mobile,Grocery,7227,177,10
BATCH-003527,2025-10-20,East,Web,Beverages,4550,182,6
BATCH-003541,2025-10-20,West,Partner,Personal Care,3646,69,3
BATCH-003695,2025-10-20,East,Web,Grocery,4361,96,5
BATCH-004020,2025-10-20,West,Retail,Personal Care,3155,62,2
BATCH-004709,2025-10-20,East,Mobile,Pet Care,5952,104,4
BATCH-000323,2025-10-21,East,Partner,Pet Care,8142,125,6
BATCH-000325,2025-10-21,West,Partner,Beverages,1759,66,3
BATCH-000691,2025-10-21,East,Mobile,Beverages,2015,77,4
BATCH-001664,2025-10-21,North,Retail,Pet Care,12345,171,6
BATCH-002190,2025-10-21,North,Retail,Beverages,5506,169,3
BATCH-002278,2025-10-21,West,Retail,Beverages,3190,104,5
BATCH-002390,2025-10-21,East,Partner,Home,9708,123,4
BATCH-003118,2025-10-21,South,Web,Home,10725,135,9
BATCH-003343,2025-10-21,South,Mobile,Pet Care,9341,179,10
BATCH-003460,2025-10-21,North,Retail,Personal Care,4388,85,3
BATCH-004898,2025-10-21,North,Partner,Home,16212,181,6
BATCH-000079,2025-10-22,East,Mobile,Personal Care,2106,48,1
BATCH-000342,2025-10-22,South,Retail,Grocery,2887,61,3
BATCH-000466,2025-10-22,West,Mobile,Pet Care,5478,80,4
BATCH-000472,2025-10-22,South,Mobile,Grocery,8227,159,8
BATCH-000688,2025-10-22,North,Web,Home,5345,71,4
BATCH-000718,2025-10-22,East,Partner,Grocery,6505,155,5
BATCH-000793,2025-10-22,East,Web,Beverages,1692,72,4
BATCH-001208,2025-10-22,South,Retail,Home,6861,77,2
BATCH-001601,2025-10-22,North,Retail,Grocery,6527,148,5
BATCH-003424,2025-10-22,West,Mobile,Pet Care,2534,46,1
BATCH-003742,2025-10-22,North,Partner,Beverages,4143,154,6
BATCH-004969,2025-10-22,North,Partner,Grocery,7814,155,7
BATCH-000060,2025-10-23,North,Retail,Personal Care,2517,59,2
BATCH-000557,2025-10-23,North,Web,Grocery,2879,72,3
BATCH-000580,2025-10-23,West,Retail,Personal Care,3857,66,2
BATCH-000617,2025-10-23,West,Partner,Personal Care,6402,122,4
BATCH-000668,2025-10-23,North,Partner,Pet Care,10913,165,5
BATCH-001032,2025-10-23,South,Web,Home,13741,136,8
BATCH-001087,2025-10-23,West,Partner,Home,8002,95,3
BATCH-002265,2025-10-23,North,Mobile,Pet Care,3081,44,2
BATCH-002542,2025-10-23,North,Web,Beverages,651,23,1
BATCH-002607,2025-10-23,East,Web,Personal Care,5722,123,8
BATCH-002877,2025-10-23,West,Web,Personal Care,7820,161,6
BATCH-002883,2025-10-23,North,Partner,Home,10057,102,3
BATCH-003009,2025-10-23,West,Partner,Pet Care,6391,106,4
BATCH-003224,2025-10-23,South,Partner,Pet Care,5795,88,3
BATCH-003426,2025-10-23,West,Partner,Pet Care,6041,91,4
BATCH-003758,2025-10-23,East,Mobile,Pet Care,13698,194,8
BATCH-003994,2025-10-23,West,Partner,Home,14791,196,6
BATCH-004340,2025-10-23,East,Retail,Beverages,5337,183,10
BATCH-004365,2025-10-23,West,Mobile,Pet Care,2207,30,2
BATCH-004477,2025-10-23,North,Partner,Home,11752,164,5
BATCH-004524,2025-10-23,West,Web,Grocery,6991,145,4
BATCH-004800,2025-10-23,East,Retail,Home,4775,50,1
BATCH-000923,2025-10-24,North,Partner,Beverages,2640,84,5
BATCH-001011,2025-10-24,East,Partner,Grocery,3983,100,5
BATCH-001120,2025-10-24,West,Retail,Beverages,4901,156,6
BATCH-001178,2025-10-24,East,Retail,Grocery,10097,198,4
BATCH-001236,2025-10-24,North,Partner,Personal Care,7555,133,4
BATCH-001785,2025-10-24,East,Partner,Grocery,4100,94,2
BATCH-001885,2025-10-24,West,Web,Home,3162,32,1
BATCH-002012,2025-10-24,North,Web,Beverages,4783,177,11
BATCH-002334,2025-10-24,East,Web,Home,1878,21,1
BATCH-002424,2025-10-24,South,Retail,Beverages,4384,156,4
BATCH-003646,2025-10-24,South,Retail,Pet Care,12506,175,4
BATCH-003720,2025-10-24,South,Mobile,Personal Care,4123,86,4
BATCH-003995,2025-10-24,West,Web,Beverages,3471,120,7
BATCH-000153,2025-10-25,West,Retail,Beverages,4862,166,8
BATCH-000790,2025-10-25,East,Mobile,Beverages,4813,152,3
BATCH-002350,2025-10-25,South,Web,Beverages,4732,188,8
BATCH-002369,2025-10-25,North,Retail,Pet Care,9925,140,7
BATCH-002901,2025-10-25,West,Web,Home,14310,157,4
BATCH-003035,2025-10-25,East,Web,Pet Care,9106,146,4
BATCH-003111,2025-10-25,West,Mobile,Pet Care,4771,65,3
BATCH-003482,2025-10-25,East,Web,Grocery,7618,198,13
BATCH-004109,2025-10-25,East,Web,Pet Care,4954,67,3
BATCH-004537,2025-10-25,South,Retail,Pet Care,9714,185,7
BATCH-000464,2025-10-26,East,Mobile,Home,14297,144,5
BATCH-000518,2025-10-26,South,Partner,Pet Care,5439,79,4
BATCH-000630,2025-10-26,East,Retail,Personal Care,7744,144,2
BATCH-000864,2025-10-26,South,Mobile,Personal Care,8445,147,7
BATCH-001358,2025-10-26,East,Partner,Personal Care,4537,86,3
BATCH-002224,2025-10-26,East,Web,Beverages,1109,45,3
BATCH-002371,2025-10-26,West,Retail,Pet Care,12115,180,3
BATCH-002704,2025-10-26,South,Mobile,Grocery,3498,72,4
BATCH-002790,2025-10-26,West,Mobile,Beverages,2309,81,5
BATCH-004440,2025-10-26,North,Mobile,Beverages,3792,116,4
BATCH-004918,2025-10-26,East,Web,Personal Care,8086,151,4
BATCH-000378,2025-10-27,West,Web,Pet Care,3173,52,3
BATCH-000741,2025-10-27,South,Web,Grocery,5792,125,7
BATCH-001216,2025-10-27,West,Mobile,Personal Care,1260,27,1
BATCH-001769,2025-10-27,East,Retail,Home,2636,28,1
BATCH-001964,2025-10-27,East,Web,Home,10029,103,4
BATCH-002132,2025-10-27,East,Web,Beverages,2109,86,6
BATCH-002289,2025-10-27,West,Retail,Beverages,3875,164,9
BATCH-003097,2025-10-27,South,Web,Beverages,4675,173,7
BATCH-003219,2025-10-27,East,Retail,Beverages,3762,142,4
BATCH-003674,2025-10-27,West,Mobile,Home,3701,47,2
BATCH-003822,2025-10-27,East,Retail,Personal Care,3737,66,3
BATCH-004459,2025-10-27,North,Retail,Grocery,4241,83,3
BATCH-004486,2025-10-27,South,Web,Beverages,2576,104,4
BATCH-004556,2025-10-27,West,Web,Grocery,2280,59,2
BATCH-000111,2025-10-28,West,Retail,Home,5141,55,1
BATCH-001790,2025-10-28,South,Web,Home,7203,84,5
BATCH-002106,2025-10-28,West,Retail,Beverages,2816,108,5
BATCH-002565,2025-10-28,East,Partner,Home,5752,64,2
BATCH-002821,2025-10-28,West,Retail,Home,8307,101,4
BATCH-003152,2025-10-28,West,Retail,Pet Care,12087,172,3
BATCH-003592,2025-10-28,South,Mobile,Personal Care,2570,56,3
BATCH-003985,2025-10-28,East,Retail,Grocery,4162,104,3
BATCH-004277,2025-10-28,South,Partner,Personal Care,9657,172,8
BATCH-004325,2025-10-28,West,Web,Beverages,4015,169,8
BATCH-004326,2025-10-28,West,Retail,Personal Care,3677,66,1
BATCH-004347,2025-10-28,West,Mobile,Pet Care,4075,61,3
BATCH-004540,2025-10-28,West,Mobile,Beverages,1173,36,1
BATCH-004646,2025-10-28,North,Web,Home,14880,193,12
BATCH-004796,2025-10-28,West,Mobile,Home,12106,135,7
BATCH-000214,2025-10-29,South,Partner,Home,2209,24,1
BATCH-000311,2025-10-29,North,Mobile,Home,7941,96,3
BATCH-000766,2025-10-29,West,Retail,Grocery,6031,135,7
BATCH-001350,2025-10-29,North,Web,Grocery,8570,185,8
BATCH-001608,2025-10-29,East,Web,Home,2314,30,1
BATCH-001786,2025-10-29,West,Partner,Beverages,2769,113,3
BATCH-001849,2025-10-29,East,Partner,Personal Care,1027,21,1
BATCH-001855,2025-10-29,South,Retail,Personal Care,5244,95,1
BATCH-002152,2025-10-29,West,Mobile,Pet Care,10813,196,7
BATCH-002533,2025-10-29,East,Partner,Grocery,998,21,1
BATCH-002626,2025-10-29,South,Partner,Personal Care,2072,43,2
BATCH-003201,2025-10-29,North,Partner,Personal Care,7785,144,2
BATCH-003347,2025-10-29,West,Partner,Pet Care,8210,144,4
BATCH-003351,2025-10-29,North,Retail,Grocery,1233,30,2
BATCH-004429,2025-10-29,West,Partner,Beverages,1055,38,2
BATCH-000106,2025-10-30,East,Mobile,Pet Care,9511,141,5
BATCH-000287,2025-10-30,South,Retail,Pet Care,2354,42,1
BATCH-000849,2025-10-30,East,Retail,Pet Care,11244,169,5
BATCH-001556,2025-10-30,North,Web,Grocery,6852,141,7
BATCH-002323,2025-10-30,North,Partner,Beverages,6273,196,4
BATCH-002905,2025-10-30,South,Mobile,Home,3401,38,2
BATCH-003207,2025-10-30,East,Retail,Pet Care,5626,108,4
BATCH-003267,2025-10-30,North,Partner,Beverages,517,20,0
BATCH-004066,2025-10-30,East,Web,Home,7084,70,4
BATCH-004188,2025-10-30,South,Partner,Home,12636,128,3
BATCH-000926,2025-10-31,South,Mobile,Pet Care,13280,194,12
BATCH-001329,2025-10-31,North,Retail,Personal Care,2179,45,2
BATCH-001340,2025-10-31,West,Retail,Grocery,2752,55,3
BATCH-001737,2025-10-31,North,Partner,Pet Care,11766,186,4
BATCH-002527,2025-10-31,East,Mobile,Grocery,8190,199,4
BATCH-002556,2025-10-31,North,Mobile,Personal Care,4383,82,3
BATCH-002757,2025-10-31,South,Partner,Grocery,5683,115,2
BATCH-003444,2025-10-31,North,Web,Personal Care,7250,121,3
BATCH-003887,2025-10-31,South,Web,Home,7188,90,4
BATCH-003963,2025-10-31,North,Retail,Grocery,3101,63,1
BATCH-004140,2025-10-31,West,Mobile,Home,3716,46,3
BATCH-004205,2025-10-31,South,Retail,Pet Care,8679,118,6
BATCH-004421,2025-10-31,West,Retail,Home,11485,159,6
BATCH-004976,2025-10-31,North,Mobile,Grocery,2060,43,2
BATCH-000278,2025-11-01,North,Retail,Beverages,4923,194,2
BATCH-001222,2025-11-01,East,Retail,Home,11592,129,5
BATCH-001282,2025-11-01,East,Partner,Beverages,2263,73,4
BATCH-001514,2025-11-01,West,Retail,Personal Care,12085,199,9
BATCH-001753,2025-11-01,North,Partner,Pet Care,9492,130,6
BATCH-001970,2025-11-01,East,Retail,Beverages,2304,97,3
BATCH-001993,2025-11-01,South,Retail,Personal Care,4597,99,3
BATCH-002082,2025-11-01,North,Mobile,Personal Care,6552,136,3
BATCH-002647,2025-11-01,West,Partner,Personal Care,7758,151,8
BATCH-002957,2025-11-01,North,Retail,Personal Care,5775,125,5
BATCH-003049,2025-11-01,North,Mobile,Personal Care,1544,27,1
BATCH-003191,2025-11-01,East,Partner,Home,11422,129,2
BATCH-003294,2025-11-01,West,Web,Pet Care,12228,186,8
BATCH-003715,2025-11-01,East,Web,Pet Care,11216,166,9
BATCH-003810,2025-11-01,South,Partner,Home,2371,29,1
BATCH-003967,2025-11-01,South,Mobile,Pet Care,12494,174,11
BATCH-003971,2025-11-01,East,Web,Personal Care,3289,58,3
BATCH-004569,2025-11-01,North,Web,Personal Care,2930,63,3
BATCH-004940,2025-11-01,East,Mobile,Personal Care,4976,109,6
BATCH-000522,2025-11-02,West,Web,Personal Care,5614,122,6
BATCH-001255,2025-11-02,West,Mobile,Personal Care,6503,115,7
BATCH-001298,2025-11-02,South,Mobile,Personal Care,4701,96,3
BATCH-002027,2025-11-02,North,Web,Beverages,4819,162,8
BATCH-002524,2025-11-02,West,Partner,Beverages,1771,55,2
BATCH-002608,2025-11-02,North,Mobile,Personal Care,2798,57,1
BATCH-003754,2025-11-02,East,Retail,Grocery,4903,110,4
BATCH-003769,2025-11-02,East,Web,Grocery,6648,151,9
BATCH-004453,2025-11-02,North,Mobile,Home,9082,99,4
BATCH-004618,2025-11-02,West,Web,Personal Care,3497,71,4
BATCH-004745,2025-11-02,South,Web,Home,8376,99,5
BATCH-004855,2025-11-02,East,Retail,Personal Care,5710,117,6
BATCH-000158,2025-11-03,South,Web,Home,15478,166,9
BATCH-000230,2025-11-03,East,Web,Pet Care,5884,113,4
BATCH-000677,2025-11-03,South,Retail,Beverages,3395,107,5
BATCH-001532,2025-11-03,West,Retail,Home,17937,177,2
BATCH-002022,2025-11-03,West,Web,Beverages,3941,122,4
BATCH-002577,2025-11-03,West,Web,Home,8708,114,5
BATCH-002728,2025-11-03,East,Partner,Grocery,971,20,1
BATCH-002792,2025-11-03,North,Retail,Grocery,3475,73,1
BATCH-002912,2025-11-03,South,Partner,Pet Care,2442,45,1
BATCH-003599,2025-11-03,West,Mobile,Beverages,1027,42,2
BATCH-004296,2025-11-03,West,Retail,Personal Care,1670,34,1
BATCH-004307,2025-11-03,West,Web,Personal Care,5707,129,7
BATCH-004585,2025-11-03,East,Web,Grocery,6399,133,4
BATCH-004712,2025-11-03,East,Mobile,Grocery,9716,194,10
BATCH-004930,2025-11-03,North,Retail,Beverages,2101,90,5
BATCH-000714,2025-11-04,East,Mobile,Home,6333,70,3
BATCH-001214,2025-11-04,North,Partner,Home,5111,64,2
BATCH-001648,2025-11-04,West,Partner,Home,3128,36,1
BATCH-001887,2025-11-04,East,Retail,Pet Care,11636,163,8
BATCH-002865,2025-11-04,South,Retail,Personal Care,7342,152,8
BATCH-003055,2025-11-04,South,Web,Pet Care,10615,159,5
BATCH-003265,2025-11-04,West,Mobile,Grocery,8000,188,10
BATCH-003310,2025-11-04,South,Retail,Grocery,3042,73,3
BATCH-003439,2025-11-04,East,Retail,Home,5827,68,1
BATCH-003854,2025-11-04,North,Mobile,Beverages,2692,82,2
BATCH-003888,2025-11-04,West,Retail,Home,8456,119,7
BATCH-004513,2025-11-04,West,Web,Home,18838,198,9
BATCH-004997,2025-11-04,North,Partner,Home,11516,121,5
BATCH-000193,2025-11-05,North,Mobile,Personal Care,7996,131,4
BATCH-000896,2025-11-05,West,Web,Beverages,894,28,2
BATCH-001102,2025-11-05,South,Retail,Beverages,582,23,0
BATCH-001295,2025-11-05,North,Mobile,Personal Care,8116,184,10
BATCH-001711,2025-11-05,East,Retail,Home,3570,38,1
BATCH-002432,2025-11-05,North,Retail,Personal Care,2007,45,1
BATCH-002913,2025-11-05,East,Web,Home,10919,151,5
BATCH-002937,2025-11-05,West,Mobile,Personal Care,3464,68,3
BATCH-003238,2025-11-05,East,Partner,Grocery,5516,108,4
BATCH-003364,2025-11-05,South,Mobile,Home,10659,149,5
BATCH-003687,2025-11-05,South,Partner,Pet Care,6368,91,3
BATCH-003783,2025-11-05,East,Web,Personal Care,3919,66,3
BATCH-004710,2025-11-05,North,Retail,Pet Care,12820,187,4
BATCH-000024,2025-11-06,West,Partner,Pet Care,10250,194,11
BATCH-000362,2025-11-06,South,Retail,Home,2703,35,1
BATCH-000588,2025-11-06,North,Mobile,Beverages,1815,62,1
BATCH-001116,2025-11-06,West,Mobile,Pet Care,4805,88,4
BATCH-001280,2025-11-06,South,Retail,Beverages,6035,186,4
BATCH-001382,2025-11-06,East,Web,Home,8783,108,3
BATCH-001404,2025-11-06,West,Partner,Beverages,2328,98,4
BATCH-001528,2025-11-06,South,Retail,Home,12016,148,2
BATCH-002308,2025-11-06,North,Mobile,Grocery,7108,192,10
BATCH-002783,2025-11-06,West,Partner,Pet Care,12745,183,9
BATCH-003148,2025-11-06,West,Partner,Home,8726,88,4
BATCH-003422,2025-11-06,North,Web,Home,12650,128,7
BATCH-003436,2025-11-06,North,Partner,Grocery,3629,76,4
BATCH-003596,2025-11-06,East,Retail,Beverages,6302,195,7
BATCH-003684,2025-11-06,South,Web,Pet Care,6349,104,6
BATCH-004230,2025-11-06,West,Retail,Home,18370,193,4
BATCH-004588,2025-11-06,North,Web,Personal Care,6239,145,9
BATCH-004866,2025-11-06,West,Mobile,Home,7126,92,3
BATCH-000066,2025-11-07,South,Partner,Home,14089,181,4
BATCH-000813,2025-11-07,South,Mobile,Home,7579,92,4
BATCH-001064,2025-11-07,North,Web,Pet Care,6547,95,4
BATCH-001104,2025-11-07,South,Partner,Home,3862,40,1
BATCH-001158,2025-11-07,West,Mobile,Grocery,3799,96,4
BATCH-001284,2025-11-07,West,Web,Personal Care,2351,43,2
BATCH-001468,2025-11-07,East,Web,Personal Care,11486,189,7
BATCH-001930,2025-11-07,South,Retail,Grocery,2552,56,3
BATCH-002645,2025-11-07,South,Web,Pet Care,4453,69,2
BATCH-003526,2025-11-07,West,Retail,Grocery,3256,71,2
BATCH-003703,2025-11-07,South,Partner,Home,4991,50,2
BATCH-003727,2025-11-07,North,Retail,Pet Care,6229,115,1
BATCH-004189,2025-11-07,West,Partner,Pet Care,9814,173,4
BATCH-004318,2025-11-07,East,Web,Pet Care,1651,28,1
BATCH-000443,2025-11-08,West,Retail,Personal Care,1886,35,1
BATCH-001013,2025-11-08,South,Web,Personal Care,7528,123,3
BATCH-001262,2025-11-08,North,Web,Home,3750,45,3
BATCH-001512,2025-11-08,East,Partner,Pet Care,6506,113,6
BATCH-002236,2025-11-08,South,Retail,Personal Care,1278,21,0
BATCH-002789,2025-11-08,East,Retail,Grocery,6310,150,5
BATCH-002893,2025-11-08,East,Retail,Grocery,3124,63,1
BATCH-003170,2025-11-08,West,Web,Grocery,5188,115,6
BATCH-003376,2025-11-08,North,Retail,Personal Care,2089,43,2
BATCH-003545,2025-11-08,East,Retail,Home,14824,169,4
BATCH-003559,2025-11-08,West,Mobile,Grocery,5567,123,4
BATCH-003701,2025-11-08,West,Mobile,Beverages,5110,163,9
BATCH-004018,2025-11-08,North,Mobile,Home,13456,171,9
BATCH-004872,2025-11-08,South,Partner,Grocery,8295,174,7
BATCH-000118,2025-11-09,North,Partner,Beverages,2037,70,4
BATCH-000375,2025-11-09,North,Partner,Home,13931,190,10
BATCH-000749,2025-11-09,South,Web,Pet Care,9256,140,4
BATCH-000985,2025-11-09,North,Web,Home,5751,81,4
BATCH-001641,2025-11-09,West,Mobile,Grocery,1886,42,1
BATCH-001722,2025-11-09,South,Mobile,Beverages,2602,97,6
BATCH-001827,2025-11-09,South,Partner,Personal Care,3912,90,3
BATCH-002097,2025-11-09,West,Web,Beverages,4622,177,4
BATCH-002632,2025-11-09,South,Retail,Personal Care,5926,134,8
BATCH-002732,2025-11-09,South,Mobile,Grocery,3150,65,2
BATCH-002773,2025-11-09,South,Mobile,Personal Care,10124,188,6
BATCH-003025,2025-11-09,North,Partner,Personal Care,2224,51,2
BATCH-003569,2025-11-09,West,Retail,Personal Care,3988,72,2
BATCH-003779,2025-11-09,South,Web,Grocery,5577,129,6
BATCH-004065,2025-11-09,South,Mobile,Pet Care,7848,144,3
BATCH-004368,2025-11-09,South,Retail,Grocery,3198,63,2
BATCH-004468,2025-11-09,South,Web,Home,13189,140,6
BATCH-004695,2025-11-09,South,Retail,Home,12781,129,4
BATCH-004864,2025-11-09,North,Mobile,Pet Care,2274,41,1
BATCH-000384,2025-11-10,North,Mobile,Beverages,1125,49,1
BATCH-000615,2025-11-10,North,Web,Beverages,2868,88,5
BATCH-000932,2025-11-10,West,Partner,Home,6319,82,4
BATCH-001128,2025-11-10,West,Retail,Personal Care,7173,132,3
BATCH-001562,2025-11-10,East,Retail,Personal Care,1981,37,1
BATCH-003533,2025-11-10,West,Partner,Home,12059,164,5
BATCH-003611,2025-11-10,West,Web,Beverages,4510,159,7
BATCH-003625,2025-11-10,West,Web,Home,13014,157,9
BATCH-004217,2025-11-10,West,Mobile,Home,9304,103,3
BATCH-004222,2025-11-10,South,Web,Home,11992,147,8
BATCH-004423,2025-11-10,North,Mobile,Beverages,1151,43,2
BATCH-004470,2025-11-10,North,Partner,Beverages,1868,68,2
BATCH-004956,2025-11-10,East,Mobile,Grocery,8336,188,10
BATCH-000011,2025-11-11,East,Web,Grocery,8751,171,7
BATCH-000100,2025-11-11,South,Web,Pet Care,3249,44,1
BATCH-000222,2025-11-11,East,Partner,Home,16617,195,7
BATCH-000512,2025-11-11,East,Retail,Beverages,5501,180,3
BATCH-000833,2025-11-11,North,Partner,Grocery,4138,101,3
BATCH-001278,2025-11-11,South,Partner,Beverages,2578,79,4
BATCH-002281,2025-11-11,West,Partner,Beverages,3254,124,6
BATCH-002397,2025-11-11,West,Mobile,Grocery,4517,110,3
BATCH-002410,2025-11-11,East,Mobile,Pet Care,1598,24,1
BATCH-002915,2025-11-11,North,Mobile,Beverages,5474,185,8
BATCH-003571,2025-11-11,East,Partner,Personal Care,1185,27,1
BATCH-004139,2025-11-11,East,Mobile,Grocery,5783,118,7
BATCH-004755,2025-11-11,North,Web,Personal Care,6875,160,6
BATCH-000109,2025-11-12,North,Retail,Home,2972,35,1
BATCH-000299,2025-11-12,West,Web,Grocery,5234,133,5
BATCH-000404,2025-11-12,South,Partner,Beverages,1336,47,1
BATCH-001157,2025-11-12,West,Web,Home,2437,32,2
BATCH-001594,2025-11-12,West,Retail,Pet Care,6943,119,5
BATCH-001603,2025-11-12,East,Retail,Home,16116,159,4
BATCH-001636,2025-11-12,East,Partner,Personal Care,4948,109,3
BATCH-001768,2025-11-12,East,Web,Personal Care,6627,139,5
BATCH-002094,2025-11-12,East,Mobile,Beverages,3740,141,9
BATCH-003417,2025-11-12,North,Retail,Grocery,6145,140,4
BATCH-003861,2025-11-12,North,Partner,Home,11238,127,4
BATCH-003997,2025-11-12,West,Mobile,Home,11775,119,7
BATCH-004015,2025-11-12,West,Partner,Home,4598,46,2
BATCH-004071,2025-11-12,South,Partner,Grocery,3400,91,4
BATCH-004563,2025-11-12,South,Retail,Home,10391,114,4
BATCH-004627,2025-11-12,East,Partner,Personal Care,3801,73,2
BATCH-002102,2025-11-13,South,Partner,Beverages,5889,197,7
BATCH-002162,2025-11-13,East,Partner,Home,14624,192,4
BATCH-002558,2025-11-13,North,Web,Grocery,6869,144,9
BATCH-002621,2025-11-13,South,Retail,Home,16079,186,10
BATCH-002655,2025-11-13,West,Partner,Beverages,4305,165,6
BATCH-002998,2025-11-13,North,Web,Home,8050,96,3
BATCH-003945,2025-11-13,East,Retail,Beverages,4258,164,6
BATCH-004848,2025-11-13,East,Retail,Home,5069,58,1
BATCH-000072,2025-11-14,West,Partner,Grocery,8006,177,6
BATCH-000200,2025-11-14,North,Retail,Personal Care,9504,172,2
BATCH-000269,2025-11-14,South,Web,Beverages,3742,138,6
BATCH-000632,2025-11-14,North,Partner,Home,11894,118,2
BATCH-000918,2025-11-14,East,Retail,Personal Care,11490,188,9
BATCH-001259,2025-11-14,West,Partner,Personal Care,9857,200,8
BATCH-001386,2025-11-14,North,Web,Grocery,1702,39,1
BATCH-001518,2025-11-14,West,Mobile,Grocery,5465,108,5
BATCH-001904,2025-11-14,West,Retail,Beverages,2540,87,3
BATCH-002100,2025-11-14,North,Partner,Pet Care,11217,178,5
BATCH-002187,2025-11-14,East,Partner,Beverages,4355,160,9
BATCH-002309,2025-11-14,North,Partner,Beverages,1462,63,2
BATCH-002314,2025-11-14,South,Web,Grocery,5294,144,5
BATCH-002498,2025-11-14,East,Mobile,Beverages,894,33,2
BATCH-003026,2025-11-14,South,Web,Grocery,7686,151,7
BATCH-003461,2025-11-14,East,Retail,Pet Care,4267,59,2
BATCH-000070,2025-11-15,South,Mobile,Beverages,5742,176,6
BATCH-000406,2025-11-15,South,Web,Home,13114,168,10
BATCH-000851,2025-11-15,North,Web,Pet Care,6437,97,6
BATCH-001480,2025-11-15,East,Mobile,Home,14754,198,4
BATCH-001585,2025-11-15,East,Partner,Beverages,2628,112,6
BATCH-001739,2025-11-15,West,Partner,Grocery,5777,145,5
BATCH-001834,2025-11-15,North,Partner,Home,18527,187,10
BATCH-002093,2025-11-15,North,Web,Beverages,1865,74,5
BATCH-002702,2025-11-15,South,Partner,Personal Care,4766,100,5
BATCH-003086,2025-11-15,West,Mobile,Home,5299,75,4
BATCH-003521,2025-11-15,South,Web,Beverages,4548,178,10
BATCH-003661,2025-11-15,East,Retail,Personal Care,3582,68,4
BATCH-003679,2025-11-15,East,Mobile,Pet Care,1835,29,2
BATCH-004570,2025-11-15,South,Web,Personal Care,5652,101,3
BATCH-004806,2025-11-15,North,Web,Pet Care,11774,163,11
BATCH-000054,2025-11-16,South,Partner,Personal Care,2459,51,3
BATCH-000640,2025-11-16,West,Partner,Personal Care,10756,189,3
BATCH-000655,2025-11-16,North,Mobile,Beverages,4057,172,10
BATCH-001268,2025-11-16,East,Web,Pet Care,8135,126,3
BATCH-001508,2025-11-16,East,Retail,Beverages,1051,41,1
BATCH-001762,2025-11-16,West,Mobile,Home,19038,198,9
BATCH-001845,2025-11-16,East,Retail,Beverages,3683,126,5
BATCH-001861,2025-11-16,South,Partner,Pet Care,7109,133,3
BATCH-001933,2025-11-16,West,Retail,Beverages,2003,80,2
BATCH-002429,2025-11-16,East,Web,Pet Care,7190,108,7
BATCH-002869,2025-11-16,East,Mobile,Home,12546,130,5
BATCH-003535,2025-11-16,South,Partner,Personal Care,11672,200,8
BATCH-003808,2025-11-16,West,Web,Pet Care,2902,45,3
BATCH-003987,2025-11-16,North,Mobile,Pet Care,11806,164,10
BATCH-004405,2025-11-16,South,Mobile,Grocery,2098,42,3
BATCH-004630,2025-11-16,North,Retail,Grocery,1882,46,2
BATCH-004689,2025-11-16,East,Web,Home,14228,169,9
BATCH-004720,2025-11-16,West,Partner,Home,5850,61,1
BATCH-004993,2025-11-16,South,Partner,Home,4264,54,3
BATCH-000555,2025-11-17,North,Partner,Grocery,2191,45,2
BATCH-000990,2025-11-17,West,Mobile,Personal Care,1119,21,1
BATCH-001589,2025-11-17,East,Partner,Pet Care,12636,190,4
BATCH-001831,2025-11-17,East,Retail,Pet Care,9185,143,6
BATCH-001874,2025-11-17,South,Partner,Personal Care,3554,73,3
BATCH-002261,2025-11-17,East,Mobile,Home,12935,156,5
BATCH-002283,2025-11-17,East,Web,Home,14474,192,9
BATCH-002478,2025-11-17,North,Mobile,Personal Care,6346,112,4
BATCH-002769,2025-11-17,West,Mobile,Beverages,2122,77,3
BATCH-002931,2025-11-17,North,Web,Home,12994,138,4
BATCH-003167,2025-11-17,North,Retail,Personal Care,9923,181,8
BATCH-003726,2025-11-17,West,Partner,Pet Care,5236,93,2
BATCH-004138,2025-11-17,West,Mobile,Home,7120,99,6
BATCH-004220,2025-11-17,East,Retail,Pet Care,2434,42,2
BATCH-004404,2025-11-17,East,Retail,Home,11322,136,3
BATCH-004542,2025-11-17,West,Retail,Home,1987,20,0
BATCH-004673,2025-11-17,East,Retail,Grocery,5750,132,4
BATCH-000391,2025-11-18,West,Retail,Personal Care,6054,130,3
BATCH-000752,2025-11-18,West,Web,Home,5875,73,4
BATCH-001089,2025-11-18,South,Web,Pet Care,3414,64,4
BATCH-001963,2025-11-18,North,Web,Personal Care,2862,54,3
BATCH-002293,2025-11-18,East,Web,Pet Care,2384,44,2
BATCH-002319,2025-11-18,South,Retail,Personal Care,6134,141,8
BATCH-002333,2025-11-18,West,Mobile,Grocery,3827,85,5
BATCH-002493,2025-11-18,West,Partner,Beverages,638,22,1
BATCH-002650,2025-11-18,South,Web,Beverages,2260,79,2
BATCH-002664,2025-11-18,East,Web,Pet Care,7091,132,5
BATCH-002741,2025-11-18,North,Retail,Personal Care,9342,167,9
BATCH-002807,2025-11-18,South,Partner,Grocery,1984,44,2
BATCH-003271,2025-11-18,East,Mobile,Home,9232,104,3
BATCH-003401,2025-11-18,East,Retail,Grocery,5577,139,6
BATCH-003623,2025-11-18,East,Partner,Pet Care,6227,96,3
BATCH-003662,2025-11-18,South,Partner,Home,12967,136,6
BATCH-003799,2025-11-18,West,Retail,Pet Care,12357,175,2
BATCH-004053,2025-11-18,South,Partner,Personal Care,1472,31,0
BATCH-004264,2025-11-18,North,Web,Home,7434,105,6
BATCH-004388,2025-11-18,East,Partner,Home,3720,52,1
BATCH-004482,2025-11-18,North,Web,Beverages,3409,133,8
BATCH-000116,2025-11-19,South,Retail,Beverages,3441,129,4
BATCH-000419,2025-11-19,South,Web,Pet Care,8148,117,5
BATCH-000510,2025-11-19,West,Web,Beverages,744,24,1
BATCH-001176,2025-11-19,South,Mobile,Personal Care,3316,59,2
BATCH-001249,2025-11-19,West,Mobile,Beverages,2538,83,4
BATCH-001273,2025-11-19,South,Partner,Grocery,1544,36,2
BATCH-001352,2025-11-19,East,Retail,Personal Care,4252,76,3
BATCH-002742,2025-11-19,North,Partner,Personal Care,6569,149,5
BATCH-002765,2025-11-19,East,Partner,Beverages,2767,86,2
BATCH-002987,2025-11-19,East,Retail,Pet Care,10274,172,3
BATCH-003540,2025-11-19,West,Mobile,Grocery,4415,106,5
BATCH-003842,2025-11-19,South,Partner,Beverages,4047,143,8
BATCH-003873,2025-11-19,South,Retail,Home,3854,49,2
BATCH-004608,2025-11-19,North,Partner,Personal Care,4229,71,4
BATCH-004697,2025-11-19,East,Mobile,Beverages,1068,33,2
BATCH-004853,2025-11-19,West,Partner,Pet Care,3067,59,3
BATCH-000245,2025-11-20,East,Web,Home,2301,32,1
BATCH-000346,2025-11-20,East,Retail,Personal Care,5184,107,2
BATCH-000493,2025-11-20,East,Mobile,Grocery,7565,182,8
BATCH-001770,2025-11-20,East,Retail,Beverages,919,36,1
BATCH-002653,2025-11-20,West,Mobile,Pet Care,11132,169,8
BATCH-002659,2025-11-20,South,Partner,Home,13189,160,8
BATCH-002805,2025-11-20,South,Partner,Personal Care,5122,96,2
BATCH-003092,2025-11-20,South,Partner,Beverages,1030,42,1
BATCH-003415,2025-11-20,South,Retail,Grocery,6162,127,2
BATCH-003443,2025-11-20,East,Retail,Pet Care,12128,183,5
BATCH-003752,2025-11-20,North,Mobile,Beverages,2368,96,3
BATCH-004353,2025-11-20,East,Retail,Home,7121,92,4
BATCH-004702,2025-11-20,South,Retail,Pet Care,7166,103,5
BATCH-004733,2025-11-20,South,Retail,Personal Care,2042,36,1
BATCH-000764,2025-11-21,West,Partner,Pet Care,5332,72,2
BATCH-000943,2025-11-21,West,Partner,Beverages,5513,200,10
BATCH-001270,2025-11-21,South,Retail,Home,6488,73,3
BATCH-001912,2025-11-21,South,Mobile,Grocery,6525,142,9
BATCH-002299,2025-11-21,North,Web,Pet Care,11209,155,8
BATCH-002698,2025-11-21,South,Mobile,Grocery,3721,80,5
BATCH-003704,2025-11-21,West,Web,Grocery,1614,44,2
BATCH-004168,2025-11-21,West,Mobile,Pet Care,1735,29,1
BATCH-004176,2025-11-21,West,Retail,Home,17984,194,8
BATCH-004390,2025-11-21,East,Mobile,Beverages,4937,184,4
BATCH-004665,2025-11-21,East,Web,Beverages,1613,54,1
BATCH-004705,2025-11-21,East,Mobile,Personal Care,6303,141,7
BATCH-004801,2025-11-21,West,Partner,Beverages,5613,175,8
BATCH-000068,2025-11-22,South,Mobile,Grocery,6494,177,10
BATCH-000174,2025-11-22,West,Partner,Beverages,3802,138,4
BATCH-000191,2025-11-22,East,Retail,Beverages,5537,188,10
BATCH-000474,2025-11-22,North,Web,Beverages,3921,158,8
BATCH-000562,2025-11-22,East,Mobile,Grocery,2816,73,4
BATCH-001205,2025-11-22,West,Web,Grocery,4498,113,6
BATCH-001620,2025-11-22,North,Partner,Beverages,4770,176,5
BATCH-001637,2025-11-22,South,Mobile,Grocery,8820,195,5
BATCH-002048,2025-11-22,South,Partner,Personal Care,4378,91,3
BATCH-002321,2025-11-22,North,Retail,Personal Care,8684,187,4
BATCH-002620,2025-11-22,South,Web,Personal Care,8077,175,10
BATCH-003058,2025-11-22,North,Partner,Grocery,5140,133,3
BATCH-003249,2025-11-22,North,Partner,Beverages,5397,170,2
BATCH-003261,2025-11-22,West,Web,Home,7662,108,4
BATCH-003290,2025-11-22,North,Partner,Personal Care,4601,104,3
BATCH-003429,2025-11-22,West,Mobile,Grocery,1484,31,1
BATCH-004355,2025-11-22,North,Partner,Home,2029,25,1
BATCH-004443,2025-11-22,South,Mobile,Pet Care,12441,172,10
BATCH-004527,2025-11-22,East,Web,Personal Care,10270,181,8
BATCH-004773,2025-11-22,South,Partner,Personal Care,7631,157,4
BATCH-004996,2025-11-22,South,Mobile,Grocery,5448,119,3
BATCH-000101,2025-11-23,East,Retail,Pet Care,7939,126,7
BATCH-000246,2025-11-23,North,Web,Personal Care,3931,75,3
BATCH-000365,2025-11-23,East,Web,Beverages,4666,185,11
BATCH-000712,2025-11-23,East,Partner,Home,9871,138,6
BATCH-000780,2025-11-23,North,Partner,Beverages,4832,174,4
BATCH-001617,2025-11-23,West,Web,Home,13400,174,8
BATCH-001653,2025-11-23,West,Web,Beverages,471,20,1
BATCH-001747,2025-11-23,South,Mobile,Personal Care,2399,48,2
BATCH-001862,2025-11-23,East,Mobile,Home,10907,118,6
BATCH-001995,2025-11-23,South,Retail,Beverages,4721,159,9
BATCH-002867,2025-11-23,North,Retail,Pet Care,8290,147,3
BATCH-002966,2025-11-23,West,Mobile,Beverages,4418,182,11
BATCH-003054,2025-11-23,East,Retail,Personal Care,1676,33,1
BATCH-003085,2025-11-23,West,Retail,Personal Care,5918,109,4
BATCH-003164,2025-11-23,West,Mobile,Beverages,3721,136,5
BATCH-003664,2025-11-23,North,Retail,Beverages,5571,185,5
BATCH-004663,2025-11-23,South,Web,Home,19311,200,7
BATCH-000160,2025-11-24,North,Web,Beverages,4380,177,11
BATCH-000381,2025-11-24,South,Web,Personal Care,980,21,1
BATCH-000597,2025-11-24,South,Mobile,Pet Care,3791,60,1
BATCH-000641,2025-11-24,South,Mobile,Home,15212,161,5
BATCH-000893,2025-11-24,West,Web,Pet Care,3611,57,3
BATCH-001354,2025-11-24,South,Retail,Personal Care,8041,139,4
BATCH-001417,2025-11-24,North,Retail,Grocery,2270,47,1
BATCH-001537,2025-11-24,East,Mobile,Home,12447,154,8
BATCH-003028,2025-11-24,North,Mobile,Beverages,1005,36,1
BATCH-003437,2025-11-24,East,Retail,Pet Care,10072,153,3
BATCH-003529,2025-11-24,East,Retail,Grocery,5850,144,7
BATCH-004226,2025-11-24,East,Partner,Beverages,6115,187,3
BATCH-004873,2025-11-24,North,Mobile,Pet Care,5418,89,5
BATCH-000904,2025-11-25,West,Partner,Pet Care,2064,29,1
BATCH-001383,2025-11-25,North,Web,Pet Care,10732,181,11
BATCH-001687,2025-11-25,East,Retail,Pet Care,1458,20,0
BATCH-001731,2025-11-25,South,Retail,Grocery,1951,44,2
BATCH-001839,2025-11-25,East,Retail,Home,8171,84,3
BATCH-001844,2025-11-25,North,Mobile,Grocery,3839,89,4
BATCH-002422,2025-11-25,North,Web,Beverages,2935,95,4
BATCH-003083,2025-11-25,West,Partner,Personal Care,1701,37,2
BATCH-003277,2025-11-25,East,Partner,Home,4792,59,2
BATCH-003372,2025-11-25,North,Web,Beverages,4623,199,13
BATCH-004007,2025-11-25,East,Retail,Grocery,6264,123,3
BATCH-004247,2025-11-25,South,Retail,Pet Care,2095,39,2
BATCH-004335,2025-11-25,North,Mobile,Personal Care,3697,63,3
BATCH-004669,2025-11-25,West,Partner,Beverages,1755,58,2
BATCH-004713,2025-11-25,South,Retail,Pet Care,10609,158,5
BATCH-004771,2025-11-25,North,Retail,Beverages,566,21,1
BATCH-000161,2025-11-26,East,Retail,Personal Care,6838,119,2
BATCH-000659,2025-11-26,East,Mobile,Pet Care,10023,136,8
BATCH-000765,2025-11-26,West,Web,Pet Care,6507,120,4
BATCH-000934,2025-11-26,East,Partner,Beverages,896,35,2
BATCH-001189,2025-11-26,East,Web,Home,14267,149,8
BATCH-001197,2025-11-26,North,Partner,Personal Care,936,21,1
BATCH-001605,2025-11-26,South,Partner,Personal Care,9975,173,6
BATCH-001643,2025-11-26,North,Web,Personal Care,7819,132,5
BATCH-001757,2025-11-26,East,Web,Personal Care,7378,135,5
BATCH-002176,2025-11-26,North,Web,Home,9135,98,4
BATCH-003045,2025-11-26,East,Web,Home,14247,176,5
BATCH-003146,2025-11-26,South,Partner,Home,12965,130,5
BATCH-003199,2025-11-26,East,Mobile,Pet Care,6016,99,5
BATCH-003640,2025-11-26,South,Retail,Personal Care,10693,181,6
BATCH-003807,2025-11-26,South,Retail,Beverages,773,25,0
BATCH-004983,2025-11-26,North,Partner,Home,14004,145,6
BATCH-001561,2025-11-27,West,Web,Pet Care,8358,138,8
BATCH-002062,2025-11-27,North,Web,Personal Care,6856,133,6
BATCH-002070,2025-11-27,West,Web,Personal Care,7455,171,9
BATCH-002128,2025-11-27,West,Mobile,Beverages,1375,43,2
BATCH-002258,2025-11-27,East,Retail,Personal Care,2938,58,2
BATCH-002315,2025-11-27,East,Mobile,Pet Care,7669,111,5
BATCH-002345,2025-11-27,South,Web,Grocery,7565,150,8
BATCH-002880,2025-11-27,South,Mobile,Personal Care,6568,133,4
BATCH-003117,2025-11-27,South,Mobile,Home,10271,133,3
BATCH-003132,2025-11-27,West,Mobile,Personal Care,8879,150,5
BATCH-003237,2025-11-27,South,Web,Beverages,2681,82,3
BATCH-003506,2025-11-27,West,Web,Home,9445,98,5
BATCH-003737,2025-11-27,East,Web,Personal Care,3246,61,4
BATCH-003841,2025-11-27,East,Partner,Pet Care,5039,86,2
BATCH-004237,2025-11-27,East,Web,Beverages,1042,35,1
BATCH-004840,2025-11-27,West,Mobile,Beverages,2188,79,5
BATCH-004843,2025-11-27,East,Retail,Home,11285,141,2
BATCH-000611,2025-11-28,North,Partner,Grocery,5211,108,6
BATCH-001231,2025-11-28,East,Web,Home,14094,155,8
BATCH-001475,2025-11-28,South,Mobile,Home,6644,73,5
BATCH-001896,2025-11-28,South,Mobile,Home,14316,151,7
BATCH-002619,2025-11-28,West,Mobile,Home,2887,30,1
BATCH-003077,2025-11-28,North,Web,Beverages,3574,114,5
BATCH-003095,2025-11-28,East,Partner,Beverages,5034,156,6
BATCH-003378,2025-11-28,North,Web,Beverages,5979,198,7
BATCH-003663,2025-11-28,East,Mobile,Grocery,1785,38,1
BATCH-003680,2025-11-28,East,Retail,Personal Care,8868,176,6
BATCH-004662,2025-11-28,East,Web,Beverages,882,35,1
BATCH-004667,2025-11-28,West,Partner,Pet Care,7248,126,3
BATCH-000034,2025-11-29,South,Web,Grocery,2955,61,2
BATCH-000879,2025-11-29,East,Mobile,Grocery,3387,66,3
BATCH-001007,2025-11-29,West,Web,Pet Care,3728,56,1
BATCH-002512,2025-11-29,West,Mobile,Beverages,894,36,1
BATCH-002528,2025-11-29,North,Web,Grocery,8018,157,5
BATCH-002564,2025-11-29,North,Mobile,Grocery,4238,83,2
BATCH-003509,2025-11-29,North,Retail,Grocery,6735,144,8
BATCH-004096,2025-11-29,South,Partner,Beverages,2526,80,4
BATCH-004409,2025-11-29,West,Mobile,Personal Care,9127,162,10
BATCH-004827,2025-11-29,East,Retail,Grocery,1100,26,0
BATCH-004887,2025-11-29,South,Partner,Personal Care,7949,157,8
BATCH-000237,2025-11-30,West,Web,Home,11180,133,4
BATCH-000890,2025-11-30,East,Retail,Pet Care,5185,71,2
BATCH-001084,2025-11-30,North,Partner,Beverages,4953,176,4
BATCH-001550,2025-11-30,East,Partner,Home,17207,189,9
BATCH-001630,2025-11-30,North,Web,Pet Care,8937,121,5
BATCH-001675,2025-11-30,South,Mobile,Home,2181,28,1
BATCH-001723,2025-11-30,South,Mobile,Personal Care,6453,127,7
BATCH-001859,2025-11-30,West,Partner,Grocery,4149,107,1
BATCH-002184,2025-11-30,North,Mobile,Beverages,2272,69,2
BATCH-002318,2025-11-30,East,Web,Home,14829,161,6
BATCH-002674,2025-11-30,West,Retail,Personal Care,7194,156,5
BATCH-002703,2025-11-30,North,Mobile,Grocery,2070,44,2
BATCH-003000,2025-11-30,South,Web,Pet Care,9448,144,9
BATCH-004293,2025-11-30,North,Mobile,Grocery,8211,185,10
BATCH-004727,2025-11-30,East,Web,Personal Care,6071,99,5
BATCH-004758,2025-11-30,South,Retail,Pet Care,14117,196,8
BATCH-000347,2025-12-01,North,Web,Pet Care,3227,50,2
BATCH-000411,2025-12-01,North,Web,Beverages,1171,37,1
BATCH-000438,2025-12-01,South,Mobile,Pet Care,1499,21,1
BATCH-001503,2025-12-01,West,Mobile,Pet Care,6384,109,4
BATCH-001565,2025-12-01,South,Mobile,Beverages,2757,90,2
BATCH-001657,2025-12-01,North,Partner,Home,15408,181,7
BATCH-001669,2025-12-01,North,Mobile,Pet Care,2986,56,3
BATCH-001916,2025-12-01,East,Retail,Personal Care,3715,85,4
BATCH-002336,2025-12-01,East,Mobile,Beverages,4310,164,9
BATCH-002391,2025-12-01,West,Partner,Home,10881,125,6
BATCH-002395,2025-12-01,West,Web,Grocery,4429,93,4
BATCH-002471,2025-12-01,West,Partner,Pet Care,14436,196,6
BATCH-003074,2025-12-01,North,Web,Home,4440,44,2
BATCH-003160,2025-12-01,South,Mobile,Grocery,4588,111,3
BATCH-004010,2025-12-01,North,Web,Home,8543,97,3
BATCH-004554,2025-12-01,South,Partner,Beverages,4518,152,3
BATCH-004909,2025-12-01,West,Partner,Pet Care,7845,118,5
BATCH-004972,2025-12-01,South,Web,Home,9466,98,6
BATCH-000395,2025-12-02,East,Retail,Pet Care,4910,90,2
BATCH-000863,2025-12-02,West,Partner,Grocery,4097,95,3
BATCH-001220,2025-12-02,West,Web,Beverages,4647,160,10
BATCH-001520,2025-12-02,North,Partner,Home,2518,34,0
BATCH-001865,2025-12-02,West,Partner,Pet Care,10887,192,5
BATCH-001895,2025-12-02,West,Mobile,Grocery,3348,70,2
BATCH-003447,2025-12-02,East,Partner,Personal Care,10433,176,3
BATCH-003749,2025-12-02,South,Retail,Beverages,4759,194,9
BATCH-003771,2025-12-02,South,Partner,Pet Care,7618,133,4
BATCH-004178,2025-12-02,North,Web,Pet Care,4544,69,3
BATCH-004364,2025-12-02,South,Partner,Pet Care,11204,158,9
BATCH-001039,2025-12-03,South,Retail,Home,8627,121,2
BATCH-001235,2025-12-03,East,Retail,Grocery,6674,144,7
BATCH-001316,2025-12-03,West,Web,Beverages,1921,78,5
BATCH-001932,2025-12-03,North,Retail,Grocery,2922,72,4
BATCH-002213,2025-12-03,East,Partner,Pet Care,8897,130,4
BATCH-002359,2025-12-03,South,Partner,Home,10691,136,5
BATCH-002387,2025-12-03,West,Web,Beverages,4898,175,5
BATCH-002872,2025-12-03,North,Partner,Grocery,5433,117,4
BATCH-003738,2025-12-03,South,Web,Home,13941,171,6
BATCH-003782,2025-12-03,North,Retail,Grocery,3422,88,1
BATCH-003896,2025-12-03,West,Partner,Personal Care,4435,78,4
BATCH-000135,2025-12-04,North,Web,Beverages,5654,196,12
BATCH-000242,2025-12-04,East,Partner,Personal Care,8778,171,9
BATCH-001462,2025-12-04,North,Partner,Personal Care,6067,113,4
BATCH-001674,2025-12-04,East,Partner,Grocery,1034,28,0
BATCH-002189,2025-12-04,East,Retail,Beverages,1815,56,3
BATCH-002402,2025-12-04,South,Mobile,Pet Care,1252,22,1
BATCH-003356,2025-12-04,North,Retail,Pet Care,3085,48,2
BATCH-003492,2025-12-04,North,Web,Personal Care,2507,56,3
BATCH-003598,2025-12-04,East,Retail,Beverages,4002,131,3
BATCH-003853,2025-12-04,South,Web,Beverages,3814,158,7
BATCH-000631,2025-12-05,West,Retail,Personal Care,7830,139,5
BATCH-001367,2025-12-05,East,Partner,Personal Care,5058,97,1
BATCH-003659,2025-12-05,North,Mobile,Pet Care,12320,183,5
BATCH-003874,2025-12-05,East,Web,Beverages,4351,133,7
BATCH-004276,2025-12-05,North,Web,Home,3035,31,1
BATCH-004386,2025-12-05,South,Mobile,Pet Care,11493,192,6
BATCH-004397,2025-12-05,South,Retail,Home,7398,83,3
BATCH-004525,2025-12-05,West,Partner,Beverages,4542,193,3
BATCH-000149,2025-12-06,West,Partner,Grocery,2278,62,3
BATCH-000482,2025-12-06,East,Partner,Personal Care,6952,123,4
BATCH-000514,2025-12-06,West,Web,Grocery,4447,86,3
BATCH-000560,2025-12-06,South,Retail,Personal Care,6551,120,5
BATCH-001304,2025-12-06,North,Mobile,Home,6119,76,5
BATCH-001450,2025-12-06,West,Partner,Home,16443,171,8
BATCH-001526,2025-12-06,West,Partner,Home,3446,40,1
BATCH-001763,2025-12-06,South,Web,Beverages,1790,62,3
BATCH-003062,2025-12-06,South,Web,Beverages,2661,113,7
BATCH-003102,2025-12-06,North,Partner,Grocery,7738,196,3
BATCH-003593,2025-12-06,West,Partner,Personal Care,9953,194,6
BATCH-003686,2025-12-06,West,Partner,Pet Care,11210,179,8
BATCH-003731,2025-12-06,South,Mobile,Grocery,2423,49,2
BATCH-004748,2025-12-06,South,Retail,Personal Care,6739,110,3
BATCH-004850,2025-12-06,West,Mobile,Grocery,8449,174,5
BATCH-000908,2025-12-07,West,Retail,Grocery,9085,176,8
BATCH-002088,2025-12-07,East,Mobile,Grocery,4577,115,3
BATCH-002833,2025-12-07,South,Partner,Grocery,952,24,1
BATCH-003073,2025-12-07,North,Web,Personal Care,9630,198,9
BATCH-003576,2025-12-07,South,Mobile,Personal Care,3991,85,3
BATCH-003860,2025-12-07,North,Web,Beverages,6431,195,5
BATCH-004099,2025-12-07,East,Partner,Personal Care,8855,177,3
BATCH-004774,2025-12-07,North,Web,Grocery,4902,104,4
BATCH-004876,2025-12-07,North,Mobile,Pet Care,10815,173,8
BATCH-000397,2025-12-08,South,Mobile,Beverages,1536,60,3
BATCH-000609,2025-12-08,East,Web,Beverages,5390,197,9
BATCH-000711,2025-12-08,West,Retail,Pet Care,2153,30,2
BATCH-001339,2025-12-08,South,Partner,Grocery,3044,65,4
BATCH-001375,2025-12-08,North,Web,Personal Care,6458,140,8
BATCH-001863,2025-12-08,South,Web,Home,8608,87,4
BATCH-001965,2025-12-08,South,Web,Personal Care,5003,108,4
BATCH-001967,2025-12-08,East,Mobile,Home,13619,171,9
BATCH-003796,2025-12-08,North,Partner,Pet Care,8706,135,6
BATCH-004090,2025-12-08,North,Web,Pet Care,3998,76,4
BATCH-004425,2025-12-08,East,Partner,Home,16799,183,7
BATCH-004741,2025-12-08,West,Web,Personal Care,2175,45,2
BATCH-004939,2025-12-08,North,Retail,Beverages,3612,157,5
BATCH-004975,2025-12-08,North,Retail,Grocery,6759,185,9
BATCH-004986,2025-12-08,South,Web,Pet Care,8578,136,9
BATCH-004987,2025-12-08,North,Mobile,Beverages,1767,63,3
BATCH-000937,2025-12-09,South,Retail,Grocery,4637,112,3
BATCH-000949,2025-12-09,North,Partner,Home,15881,194,8
BATCH-001744,2025-12-09,West,Partner,Grocery,1380,35,2
BATCH-002714,2025-12-09,North,Web,Beverages,1149,43,2
BATCH-003051,2025-12-09,East,Mobile,Personal Care,9143,191,6
BATCH-003089,2025-12-09,West,Mobile,Personal Care,4741,83,3
BATCH-003924,2025-12-09,South,Partner,Beverages,4735,194,9
BATCH-004114,2025-12-09,West,Partner,Personal Care,5405,110,5
BATCH-004141,2025-12-09,East,Mobile,Personal Care,6199,107,3
BATCH-004308,2025-12-09,West,Partner,Personal Care,3148,56,1
BATCH-004508,2025-12-09,South,Partner,Personal Care,8185,167,7
BATCH-000098,2025-12-10,West,Partner,Grocery,3363,85,4
BATCH-000578,2025-12-10,East,Mobile,Home,8332,106,5
BATCH-001445,2025-12-10,North,Retail,Personal Care,9386,182,5
BATCH-002151,2025-12-10,South,Retail,Beverages,2657,91,3
BATCH-002535,2025-12-10,East,Partner,Home,18516,196,3
BATCH-004187,2025-12-10,West,Web,Pet Care,2050,28,1
BATCH-004762,2025-12-10,South,Partner,Home,2474,33,1
BATCH-000139,2025-12-11,East,Mobile,Home,2789,28,1
BATCH-000533,2025-12-11,West,Mobile,Personal Care,11891,198,13
BATCH-000623,2025-12-11,South,Partner,Home,15039,162,6
BATCH-000672,2025-12-11,South,Web,Pet Care,9477,134,6
BATCH-001408,2025-12-11,West,Partner,Beverages,4778,192,8
BATCH-001443,2025-12-11,South,Retail,Grocery,8430,193,8
BATCH-001451,2025-12-11,North,Retail,Personal Care,3880,67,4
BATCH-001645,2025-12-11,West,Partner,Beverages,2196,74,2
BATCH-002253,2025-12-11,West,Mobile,Grocery,2014,51,3
BATCH-002306,2025-12-11,West,Web,Grocery,2419,55,3
BATCH-002401,2025-12-11,South,Mobile,Personal Care,5293,124,6
BATCH-002798,2025-12-11,South,Mobile,Grocery,3902,77,2
BATCH-003157,2025-12-11,South,Web,Beverages,4058,172,11
BATCH-003266,2025-12-11,North,Mobile,Beverages,5175,165,5
BATCH-004531,2025-12-11,North,Mobile,Beverages,1578,55,2
BATCH-000987,2025-12-12,East,Web,Home,8549,117,6
BATCH-001308,2025-12-12,North,Retail,Beverages,4661,192,8
BATCH-001330,2025-12-12,East,Mobile,Grocery,1575,31,1
BATCH-002780,2025-12-12,West,Mobile,Pet Care,5868,89,6
BATCH-003805,2025-12-12,South,Mobile,Personal Care,3437,71,2
BATCH-004054,2025-12-12,North,Partner,Pet Care,5841,105,2
BATCH-004242,2025-12-12,North,Web,Personal Care,6586,121,5
BATCH-004613,2025-12-12,South,Mobile,Grocery,6038,160,6
BATCH-000226,2025-12-13,East,Web,Grocery,3012,75,3
BATCH-000498,2025-12-13,West,Mobile,Grocery,9061,177,4
BATCH-002496,2025-12-13,East,Retail,Home,4318,49,1
BATCH-003685,2025-12-13,South,Retail,Home,14474,174,3
BATCH-004017,2025-12-13,North,Web,Beverages,2784,105,6
BATCH-004991,2025-12-13,North,Web,Home,2055,24,1
BATCH-000273,2025-12-14,West,Mobile,Home,19255,192,9
BATCH-000282,2025-12-14,North,Mobile,Beverages,882,38,1
BATCH-000430,2025-12-14,North,Partner,Grocery,3724,101,1
BATCH-001152,2025-12-14,East,Mobile,Grocery,6599,152,8
BATCH-001654,2025-12-14,West,Mobile,Home,9598,95,3
BATCH-002021,2025-12-14,East,Web,Home,15814,193,7
BATCH-002686,2025-12-14,North,Mobile,Pet Care,3684,65,2
BATCH-003240,2025-12-14,West,Retail,Grocery,6326,157,9
BATCH-003434,2025-12-14,East,Mobile,Pet Care,7332,125,6
BATCH-003653,2025-12-14,West,Web,Beverages,1666,59,1
BATCH-003734,2025-12-14,North,Web,Pet Care,9974,181,7
BATCH-003968,2025-12-14,North,Mobile,Personal Care,5688,115,6
BATCH-004194,2025-12-14,North,Mobile,Home,13682,160,4
BATCH-000954,2025-12-15,South,Web,Beverages,1296,50,3
BATCH-000989,2025-12-15,North,Partner,Grocery,1187,29,1
BATCH-001538,2025-12-15,North,Web,Home,12949,145,9
BATCH-001766,2025-12-15,West,Retail,Personal Care,7677,138,7
BATCH-001921,2025-12-15,South,Web,Pet Care,2293,37,2
BATCH-002393,2025-12-15,East,Mobile,Home,15187,186,11
BATCH-002465,2025-12-15,West,Mobile,Beverages,1650,61,4
BATCH-002854,2025-12-15,East,Partner,Beverages,466,20,1
BATCH-002926,2025-12-15,South,Web,Personal Care,4913,107,5
BATCH-002965,2025-12-15,East,Partner,Home,9478,131,7
BATCH-003004,2025-12-15,East,Partner,Pet Care,4654,87,3
BATCH-003332,2025-12-15,North,Partner,Beverages,781,34,1
BATCH-003989,2025-12-15,North,Mobile,Home,5235,69,2
BATCH-000252,2025-12-16,North,Retail,Grocery,4560,102,3
BATCH-000823,2025-12-16,South,Partner,Beverages,3179,125,5
BATCH-001207,2025-12-16,North,Retail,Grocery,8088,181,6
BATCH-002059,2025-12-16,North,Web,Beverages,2380,82,4
BATCH-002694,2025-12-16,West,Retail,Grocery,8032,181,6
BATCH-002922,2025-12-16,North,Retail,Beverages,2497,78,3
BATCH-004629,2025-12-16,North,Partner,Beverages,4608,154,3
BATCH-000154,2025-12-17,West,Mobile,Pet Care,9661,138,4
BATCH-000440,2025-12-17,North,Retail,Home,12164,124,2
BATCH-000671,2025-12-17,West,Mobile,Pet Care,7591,132,7
BATCH-000730,2025-12-17,East,Retail,Pet Care,2065,28,1
BATCH-001541,2025-12-17,South,Web,Beverages,3676,121,7
BATCH-001604,2025-12-17,South,Partner,Beverages,1713,53,1
BATCH-002437,2025-12-17,North,Retail,Pet Care,11978,163,9
BATCH-004526,2025-12-17,South,Partner,Personal Care,6874,116,3
BATCH-000002,2025-12-18,East,Web,Pet Care,10214,183,9
BATCH-000262,2025-12-18,North,Partner,Home,9922,138,7
BATCH-000337,2025-12-18,North,Partner,Home,6248,83,2
BATCH-000361,2025-12-18,West,Web,Home,17394,196,5
BATCH-001140,2025-12-18,North,Web,Beverages,3401,135,9
BATCH-001951,2025-12-18,South,Partner,Personal Care,8898,161,9
BATCH-002197,2025-12-18,South,Web,Pet Care,2691,49,3
BATCH-002353,2025-12-18,South,Retail,Pet Care,8404,131,4
BATCH-002497,2025-12-18,East,Retail,Home,12151,138,2
BATCH-002503,2025-12-18,North,Partner,Home,12090,157,5
BATCH-002810,2025-12-18,East,Web,Pet Care,10556,179,4
BATCH-003108,2025-12-18,North,Mobile,Pet Care,9506,134,3
BATCH-003883,2025-12-18,East,Web,Home,13007,162,6
BATCH-004503,2025-12-18,East,Mobile,Pet Care,2507,35,1
BATCH-004691,2025-12-18,North,Retail,Personal Care,2588,60,3
BATCH-004703,2025-12-18,East,Retail,Home,4604,46,2
BATCH-004760,2025-12-18,East,Web,Pet Care,12367,176,8
BATCH-004917,2025-12-18,North,Partner,Pet Care,6654,109,5
BATCH-004920,2025-12-18,East,Web,Home,7724,105,3
BATCH-004994,2025-12-18,North,Partner,Home,6325,69,1
BATCH-000463,2025-12-19,East,Mobile,Pet Care,8968,172,7
BATCH-000942,2025-12-19,East,Partner,Grocery,8596,172,8
BATCH-001293,2025-12-19,West,Partner,Home,6544,92,3
BATCH-001416,2025-12-19,West,Retail,Grocery,4936,127,5
BATCH-001606,2025-12-19,East,Partner,Home,2223,27,1
BATCH-001627,2025-12-19,West,Mobile,Beverages,3422,127,8
BATCH-002037,2025-12-19,West,Partner,Pet Care,9732,131,2
BATCH-002185,2025-12-19,West,Partner,Home,11517,150,3
BATCH-002955,2025-12-19,North,Retail,Personal Care,5866,97,3
BATCH-003296,2025-12-19,West,Web,Grocery,4020,105,4
BATCH-003457,2025-12-19,South,Retail,Personal Care,7693,149,4
BATCH-003652,2025-12-19,South,Partner,Home,14329,144,6
BATCH-004105,2025-12-19,North,Partner,Pet Care,7813,117,4
BATCH-004267,2025-12-19,West,Retail,Home,10964,140,6
BATCH-004504,2025-12-19,North,Retail,Home,8235,107,6
BATCH-004579,2025-12-19,East,Web,Grocery,6750,184,8
BATCH-004615,2025-12-19,North,Partner,Beverages,1356,56,1
BATCH-004756,2025-12-19,East,Web,Personal Care,7422,134,7
BATCH-000019,2025-12-20,South,Mobile,Pet Care,8746,120,5
BATCH-000527,2025-12-20,North,Retail,Home,4928,58,2
BATCH-000556,2025-12-20,South,Partner,Pet Care,11758,169,8
BATCH-000878,2025-12-20,North,Partner,Grocery,2491,66,2
BATCH-001023,2025-12-20,East,Partner,Home,3212,36,2
BATCH-001145,2025-12-20,South,Web,Grocery,7775,162,4
BATCH-001850,2025-12-20,East,Mobile,Beverages,4282,168,5
BATCH-001883,2025-12-20,South,Web,Beverages,3632,158,10
BATCH-002201,2025-12-20,North,Web,Home,1882,20,1
BATCH-002239,2025-12-20,East,Partner,Personal Care,1926,36,1
BATCH-003128,2025-12-20,North,Mobile,Home,2355,32,1
BATCH-003213,2025-12-20,West,Mobile,Grocery,7819,160,5
BATCH-003301,2025-12-20,South,Mobile,Home,2332,30,1
BATCH-000025,2025-12-21,West,Mobile,Home,6873,75,4
BATCH-000150,2025-12-21,East,Mobile,Pet Care,4641,71,3
BATCH-001085,2025-12-21,East,Mobile,Pet Care,5028,69,3
BATCH-001107,2025-12-21,South,Mobile,Beverages,1827,74,4
BATCH-001130,2025-12-21,South,Mobile,Beverages,4314,151,5
BATCH-001411,2025-12-21,South,Partner,Home,7232,78,3
BATCH-001488,2025-12-21,East,Partner,Personal Care,2329,39,2
BATCH-001818,2025-12-21,East,Mobile,Beverages,1526,57,2
BATCH-002305,2025-12-21,East,Mobile,Home,5496,57,2
BATCH-004299,2025-12-21,North,Mobile,Grocery,3284,71,2
BATCH-004413,2025-12-21,West,Retail,Home,7400,95,3
BATCH-004725,2025-12-21,North,Mobile,Beverages,6150,197,9
BATCH-000279,2025-12-22,West,Web,Personal Care,4419,73,3
BATCH-000683,2025-12-22,North,Retail,Beverages,1293,47,2
BATCH-000871,2025-12-22,South,Retail,Home,8883,96,1
BATCH-001907,2025-12-22,East,Partner,Personal Care,3131,70,1
BATCH-001917,2025-12-22,South,Mobile,Pet Care,7620,104,7
BATCH-002056,2025-12-22,East,Web,Personal Care,4829,96,6
BATCH-002154,2025-12-22,East,Mobile,Grocery,4743,120,6
BATCH-002447,2025-12-22,North,Retail,Beverages,5793,199,6
BATCH-002945,2025-12-22,West,Web,Beverages,1282,39,1
BATCH-003756,2025-12-22,South,Web,Grocery,10003,197,9
BATCH-003809,2025-12-22,East,Retail,Pet Care,7475,101,2
BATCH-004041,2025-12-22,South,Mobile,Home,12838,151,6
BATCH-004125,2025-12-22,South,Partner,Grocery,2766,61,1
BATCH-000650,2025-12-23,West,Mobile,Personal Care,5431,121,5
BATCH-001193,2025-12-23,North,Mobile,Beverages,4107,154,8
BATCH-001439,2025-12-23,West,Web,Pet Care,8038,135,4
BATCH-002282,2025-12-23,North,Retail,Pet Care,2414,46,2
BATCH-002914,2025-12-23,North,Partner,Pet Care,4401,82,3
BATCH-002970,2025-12-23,South,Retail,Pet Care,13062,179,10
BATCH-003188,2025-12-23,North,Web,Grocery,9428,198,5
BATCH-003253,2025-12-23,South,Partner,Pet Care,2178,34,2
BATCH-003468,2025-12-23,South,Web,Pet Care,1289,22,1
BATCH-003553,2025-12-23,North,Web,Personal Care,1171,20,1
BATCH-003833,2025-12-23,West,Partner,Personal Care,4368,78,1
BATCH-004116,2025-12-23,East,Retail,Personal Care,4509,83,3
BATCH-004183,2025-12-23,East,Mobile,Pet Care,13410,181,10
BATCH-004441,2025-12-23,West,Partner,Beverages,1057,39,1
BATCH-000524,2025-12-24,North,Web,Home,3358,42,2
BATCH-000593,2025-12-24,North,Mobile,Home,4066,47,1
BATCH-000883,2025-12-24,East,Partner,Grocery,5492,142,4
BATCH-001139,2025-12-24,West,Web,Grocery,6008,130,4
BATCH-001272,2025-12-24,South,Retail,Grocery,849,21,1
BATCH-001292,2025-12-24,East,Partner,Beverages,5624,199,9
BATCH-001499,2025-12-24,South,Web,Personal Care,4116,88,5
BATCH-001590,2025-12-24,North,Web,Pet Care,14031,199,10
BATCH-001787,2025-12-24,East,Mobile,Pet Care,3203,52,2
BATCH-001841,2025-12-24,West,Web,Home,2962,41,2
BATCH-001966,2025-12-24,North,Partner,Beverages,1861,72,1
BATCH-002651,2025-12-24,East,Partner,Beverages,1998,79,2
BATCH-002707,2025-12-24,South,Retail,Pet Care,2542,39,1
BATCH-002848,2025-12-24,North,Mobile,Personal Care,3001,61,1
BATCH-002862,2025-12-24,South,Web,Grocery,8311,166,5
BATCH-003473,2025-12-24,South,Web,Personal Care,9521,200,13
BATCH-003776,2025-12-24,North,Partner,Pet Care,5610,95,5
BATCH-003901,2025-12-24,South,Web,Personal Care,3142,65,3
BATCH-004947,2025-12-24,South,Retail,Grocery,983,26,1
BATCH-000033,2025-12-25,South,Retail,Personal Care,5353,115,3
BATCH-000977,2025-12-25,West,Retail,Beverages,3329,135,5
BATCH-001228,2025-12-25,North,Partner,Home,13834,160,2
BATCH-001946,2025-12-25,North,Web,Beverages,1793,59,4
BATCH-002346,2025-12-25,South,Retail,Beverages,3649,156,6
BATCH-002483,2025-12-25,West,Mobile,Personal Care,6852,127,8
BATCH-002568,2025-12-25,South,Mobile,Grocery,6718,138,3
BATCH-002675,2025-12-25,West,Web,Pet Care,2266,38,1
BATCH-002754,2025-12-25,North,Partner,Pet Care,3447,47,2
BATCH-003050,2025-12-25,West,Retail,Pet Care,8478,142,4
BATCH-003247,2025-12-25,West,Partner,Pet Care,6236,114,6
BATCH-003740,2025-12-25,North,Partner,Grocery,2118,56,1
BATCH-004215,2025-12-25,West,Partner,Home,16833,188,4
BATCH-004399,2025-12-25,West,Mobile,Beverages,1578,64,2
BATCH-000352,2025-12-26,West,Mobile,Beverages,796,32,1
BATCH-000680,2025-12-26,West,Web,Personal Care,3849,68,2
BATCH-000958,2025-12-26,East,Mobile,Pet Care,1539,23,1
BATCH-001294,2025-12-26,West,Partner,Beverages,3202,100,4
BATCH-001327,2025-12-26,South,Partner,Home,2443,33,1
BATCH-002614,2025-12-26,West,Retail,Pet Care,5594,98,4
BATCH-002691,2025-12-26,North,Partner,Personal Care,9078,199,11
BATCH-003156,2025-12-26,West,Partner,Home,15613,193,10
BATCH-003346,2025-12-26,South,Web,Personal Care,8092,158,7
BATCH-003933,2025-12-26,West,Mobile,Beverages,2695,90,6
BATCH-004128,2025-12-26,North,Partner,Pet Care,1288,21,0
BATCH-004283,2025-12-26,North,Mobile,Personal Care,8406,138,9
BATCH-004714,2025-12-26,North,Partner,Personal Care,8840,178,10
BATCH-000108,2025-12-27,South,Partner,Grocery,1416,35,2
BATCH-000309,2025-12-27,North,Partner,Home,2976,34,2
BATCH-000645,2025-12-27,West,Retail,Home,13861,139,4
BATCH-000706,2025-12-27,East,Partner,Pet Care,11695,161,7
BATCH-000800,2025-12-27,North,Mobile,Pet Care,7159,111,3
BATCH-001185,2025-12-27,South,Partner,Personal Care,6691,131,6
BATCH-001676,2025-12-27,South,Retail,Beverages,1574,55,1
BATCH-001748,2025-12-27,East,Mobile,Home,9540,102,3
BATCH-002566,2025-12-27,North,Web,Home,17385,192,8
BATCH-002682,2025-12-27,South,Web,Personal Care,1973,38,2
BATCH-002763,2025-12-27,West,Retail,Home,6632,78,2
BATCH-003150,2025-12-27,East,Retail,Pet Care,2704,40,2
BATCH-003322,2025-12-27,West,Mobile,Personal Care,3075,55,3
BATCH-003904,2025-12-27,South,Web,Personal Care,9404,184,9
BATCH-003948,2025-12-27,North,Mobile,Grocery,2744,58,3
BATCH-004081,2025-12-27,East,Mobile,Personal Care,7891,168,5
BATCH-004089,2025-12-27,West,Mobile,Home,11670,125,4
BATCH-004734,2025-12-27,South,Retail,Home,17712,176,4
BATCH-000030,2025-12-28,West,Mobile,Pet Care,4305,59,3
BATCH-000390,2025-12-28,West,Retail,Home,13875,193,4
BATCH-000960,2025-12-28,West,Partner,Home,6611,66,2
BATCH-001200,2025-12-28,West,Partner,Beverages,2587,93,3
BATCH-001596,2025-12-28,South,Mobile,Personal Care,7079,138,4
BATCH-002250,2025-12-28,West,Retail,Beverages,1332,47,3
BATCH-002269,2025-12-28,South,Mobile,Pet Care,1465,25,2
BATCH-002280,2025-12-28,East,Mobile,Personal Care,6775,124,5
BATCH-002507,2025-12-28,North,Partner,Personal Care,1379,26,1
BATCH-002700,2025-12-28,East,Partner,Home,8048,93,3
BATCH-002734,2025-12-28,West,Retail,Personal Care,8409,170,4
BATCH-002785,2025-12-28,West,Mobile,Pet Care,11541,200,8
BATCH-003210,2025-12-28,West,Retail,Grocery,2688,59,3
BATCH-003610,2025-12-28,East,Web,Personal Care,865,20,1
BATCH-003699,2025-12-28,East,Mobile,Grocery,8420,181,11
BATCH-004235,2025-12-28,North,Mobile,Beverages,3625,125,6
BATCH-000184,2025-12-29,South,Mobile,Pet Care,9309,148,8
BATCH-000760,2025-12-29,West,Mobile,Grocery,3673,83,3
BATCH-000927,2025-12-29,South,Partner,Grocery,7258,177,5
BATCH-001903,2025-12-29,South,Web,Personal Care,2068,42,1
BATCH-002079,2025-12-29,East,Partner,Home,7747,99,5
BATCH-002086,2025-12-29,South,Partner,Pet Care,11541,169,9
BATCH-002242,2025-12-29,East,Web,Home,4677,47,1
BATCH-003069,2025-12-29,North,Web,Personal Care,4405,79,3
BATCH-003116,2025-12-29,South,Partner,Personal Care,7185,119,3
BATCH-003129,2025-12-29,South,Web,Grocery,6853,139,8
BATCH-003832,2025-12-29,East,Retail,Personal Care,8128,181,4
BATCH-004001,2025-12-29,North,Partner,Pet Care,13170,197,8
BATCH-004275,2025-12-29,West,Mobile,Personal Care,9066,179,12
BATCH-004704,2025-12-29,West,Mobile,Beverages,803,26,1
BATCH-004784,2025-12-29,East,Partner,Personal Care,3706,86,2
BATCH-000678,2025-12-30,South,Retail,Home,13262,167,2
BATCH-000887,2025-12-30,West,Retail,Personal Care,2852,52,2
BATCH-001017,2025-12-30,South,Web,Home,11621,148,9
BATCH-001409,2025-12-30,North,Mobile,Personal Care,8775,151,6
BATCH-001523,2025-12-30,East,Mobile,Grocery,4460,92,2
BATCH-001551,2025-12-30,West,Retail,Pet Care,5230,99,6
BATCH-001729,2025-12-30,East,Partner,Home,6363,73,2
BATCH-001837,2025-12-30,West,Partner,Pet Care,12563,198,3
BATCH-002617,2025-12-30,East,Retail,Pet Care,6605,111,2
BATCH-002801,2025-12-30,West,Partner,Grocery,2243,60,1
BATCH-003113,2025-12-30,South,Partner,Pet Care,11807,192,8
BATCH-003190,2025-12-30,West,Partner,Personal Care,5904,122,5
BATCH-003413,2025-12-30,East,Partner,Personal Care,5083,92,5
BATCH-003595,2025-12-30,North,Retail,Home,5335,75,1
BATCH-004216,2025-12-30,East,Web,Pet Care,11188,197,12
BATCH-004295,2025-12-30,South,Partner,Personal Care,4274,75,3
BATCH-004373,2025-12-30,North,Partner,Pet Care,7295,109,2
BATCH-004834,2025-12-30,South,Partner,Grocery,5027,99,3
BATCH-000781,2025-12-31,East,Mobile,Grocery,6504,173,10
BATCH-000955,2025-12-31,South,Web,Personal Care,8285,142,9
BATCH-001384,2025-12-31,North,Partner,Personal Care,2085,44,2
BATCH-001870,2025-12-31,South,Mobile,Grocery,1590,31,2
BATCH-002681,2025-12-31,West,Web,Pet Care,2060,33,2
BATCH-003280,2025-12-31,West,Partner,Personal Care,8129,142,7
BATCH-003851,2025-12-31,East,Partner,Pet Care,12444,181,3
BATCH-004539,2025-12-31,North,Mobile,Home,8288,84,5
